BENE_ID,high_utilization_pattern,predicted_high_utilization_pattern,high_utilization_probability,dataset_split
-10000010254618,0,0,7.2921204e-05,train
-10000010254647,0,0,4.5726516e-05,train
-10000010254653,0,0,0.0027084784,train
-10000010254656,0,0,0.0062449276,test
-10000010254666,0,0,0.00023783497,test
-10000010254667,0,0,0.00032633217,test
-10000010254671,0,0,0.00012601027,train
-10000010254672,0,0,5.066317e-05,train
-10000010254676,0,0,9.664288e-05,train
-10000010254683,0,0,0.00011526824,test
-10000010254682,0,0,0.008247713,train
-10000010254691,1,1,0.87978595,train
-10000010254694,0,0,0.14513963,train
-10000010254700,0,0,0.00034342095,train
-10000010254711,0,0,0.00023398852,train
-10000010254718,0,0,0.0011732755,train
-10000010254721,1,1,0.998565,train
-10000010254725,0,0,0.0001165718,train
-10000010254730,0,0,6.302302e-05,test
-10000010254731,1,0,0.22791013,test
-10000010254734,0,1,0.90489966,train
-10000010254738,0,0,0.010975787,train
-10000010254740,0,0,0.07258066,train
-10000010254741,0,0,1.6286527e-05,train
-10000010254751,0,0,4.746896e-05,train
-10000010254756,0,0,0.020929916,train
-10000010254759,0,0,0.00019356167,train
-10000010254760,1,1,0.77112716,train
-10000010254768,0,0,0.008244851,train
-10000010254771,0,0,0.011686184,train
-10000010254773,0,0,0.0017591529,train
-10000010254776,0,0,0.0022135908,train
-10000010254785,0,0,0.029226182,train
-10000010254788,0,0,0.08750975,train
-10000010254793,0,0,0.002927642,train
-10000010254794,1,1,0.9587662,train
-10000010254796,0,0,0.007039929,train
-10000010254804,0,0,4.497682e-05,train
-10000010254807,0,0,0.00024097234,train
-10000010254808,0,0,2.8453125e-05,test
-10000010254809,0,0,2.2651042e-05,train
-10000010254811,0,0,2.8664823e-05,train
-10000010254814,0,0,0.00016764714,train
-10000010254818,0,0,0.00038228955,train
-10000010254820,0,0,3.3514614e-05,train
-10000010254824,0,0,2.0520503e-05,train
-10000010254835,0,0,0.0006910833,train
-10000010254840,0,0,4.386703e-05,train
-10000010254843,0,0,0.022578191,train
-10000010254846,0,0,3.0987045e-05,train
-10000010254850,0,0,0.00019616488,train
-10000010254851,0,0,6.110661e-05,train
-10000010254852,1,1,0.9097828,train
-10000010254855,0,0,2.664052e-05,train
-10000010254860,0,0,0.030645601,train
-10000010254863,0,0,4.1508334e-05,train
-10000010254866,0,0,0.033073466,train
-10000010254869,0,0,0.14170742,train
-10000010254871,1,1,0.96428394,train
-10000010254873,0,0,0.012566067,train
-10000010254877,0,0,0.000116755684,train
-10000010254889,0,1,0.7271445,test
-10000010254890,0,0,5.846362e-05,test
-10000010254898,0,1,0.9458521,train
-10000010254902,0,0,0.042847935,train
-10000010254903,0,0,0.00026725009,train
-10000010254916,0,0,0.0059480034,train
-10000010254919,0,0,0.18873896,train
-10000010254918,0,0,0.0007179887,train
-10000010254920,0,0,8.232647e-05,train
-10000010254921,0,0,0.009432582,train
-10000010254922,0,0,8.561607e-05,test
-10000010254924,0,0,0.15462635,train
-10000010254929,0,0,6.378393e-05,test
-10000010254934,0,0,0.35561416,train
-10000010254935,0,0,9.800301e-05,train
-10000010254936,0,0,0.016267981,train
-10000010254941,0,0,0.00010240604,train
-10000010254947,0,0,0.0074351933,train
-10000010254949,0,0,0.00027222364,train
-10000010254952,0,0,0.000368101,train
-10000010254956,0,0,0.1684204,train
-10000010254959,0,0,0.0001916395,train
-10000010254960,0,0,0.0702894,train
-10000010254965,0,0,0.00027951217,test
-10000010254968,0,0,0.0022038554,train
-10000010254971,0,0,3.1748736e-05,train
-10000010254973,0,0,3.4941786e-05,train
-10000010254976,0,0,7.328915e-05,train
-10000010254979,0,1,0.76113796,train
-10000010254984,0,1,0.5279387,train
-10000010254990,0,0,0.00018104777,train
-10000010254992,0,0,0.00023621622,train
-10000010254995,0,0,0.00018485099,train
-10000010254997,0,0,0.0001929742,train
-10000010254999,0,0,0.00011056952,train
-10000010255002,0,0,0.28039315,train
-10000010255006,0,0,5.1841802e-05,train
-10000010255005,0,0,0.13457887,train
-10000010255010,0,0,0.1500231,train
-10000010255013,0,0,6.547307e-05,train
-10000010255014,0,0,0.48561126,test
-10000010255015,0,0,9.721186e-05,train
-10000010255019,1,1,0.9904212,train
-10000010255024,1,1,0.6900173,train
-10000010255025,1,1,0.9552295,train
-10000010255026,0,0,0.023641782,train
-10000010255039,1,1,0.8331526,train
-10000010255047,0,0,4.8076778e-05,train
-10000010255058,0,0,2.6099362e-05,test
-10000010255063,0,0,0.00013348211,train
-10000010255064,0,0,0.00010361473,train
-10000010255066,1,1,0.95776534,train
-10000010255070,0,0,0.00044401642,train
-10000010255076,0,0,4.101679e-05,train
-10000010255081,0,0,0.020178143,train
-10000010255084,0,0,0.00026330384,train
-10000010255085,0,0,0.00011431996,train
-10000010255087,0,0,4.7508223e-05,train
-10000010255090,0,0,3.7099995e-05,train
-10000010255093,0,0,4.742109e-05,train
-10000010255095,0,1,0.91687125,train
-10000010255101,0,0,7.297407e-05,train
-10000010255105,0,1,0.5759203,train
-10000010255106,0,0,0.18457742,train
-10000010255110,0,0,0.0049389717,train
-10000010255111,0,0,0.00024787558,test
-10000010255122,0,0,0.062280934,train
-10000010255125,0,0,4.7779875e-05,test
-10000010255127,0,0,6.819924e-05,test
-10000010255132,0,0,8.7868735e-05,train
-10000010255134,0,0,6.851434e-05,test
-10000010255138,0,0,0.00017566516,train
-10000010255147,0,0,5.3634605e-05,train
-10000010255143,0,0,0.0062057697,train
-10000010255153,0,0,0.0076905224,train
-10000010255155,0,0,0.010212895,train
-10000010255158,0,0,0.20614852,test
-10000010255169,0,0,0.00016186188,test
-10000010255173,0,0,0.00018225293,test
-10000010255175,0,0,0.0001707827,train
-10000010255179,0,0,0.00012717673,train
-10000010255180,1,1,0.9903212,test
-10000010255181,0,0,8.78984e-05,test
-10000010255188,1,1,0.60651916,train
-10000010255190,0,0,0.021547506,train
-10000010255198,0,0,0.009538739,train
-10000010255238,1,1,0.9577905,train
-10000010255239,1,1,0.9376919,test
-10000010255242,1,1,0.8700016,train
-10000010255244,0,0,0.00016413396,test
-10000010255253,0,0,0.00022523952,train
-10000010255255,0,0,3.2421958e-05,train
-10000010255257,1,1,0.98406005,train
-10000010255263,0,0,6.788279e-05,train
-10000010255267,0,0,3.2135038e-05,test
-10000010255266,0,0,0.00014103389,train
-10000010255270,0,0,0.0023956914,train
-10000010255271,1,1,0.80755645,train
-10000010255272,0,0,0.00021446015,train
-10000010255273,0,0,0.0051508658,train
-10000010255275,0,0,4.4581226e-05,train
-10000010255277,0,0,0.12184549,test
-10000010255281,0,0,0.0026087128,train
-10000010255283,0,0,6.547881e-05,train
-10000010255285,0,0,0.21342947,test
-10000010255291,0,0,0.00036887612,train
-10000010255295,0,0,0.00013228647,train
-10000010255302,0,0,7.746915e-05,train
-10000010255310,0,0,0.081587404,train
-10000010255312,0,0,0.0035761425,train
-10000010255315,0,1,0.87734693,train
-10000010255319,0,0,0.00015025103,train
-10000010255321,0,0,3.6073237e-05,test
-10000010255320,0,0,0.001414061,train
-10000010255326,1,1,0.99735296,train
-10000010255328,0,0,0.014335535,train
-10000010255330,0,0,4.6682635e-05,train
-10000010255334,0,0,0.05890691,train
-10000010255337,0,0,0.015445342,train
-10000010255340,0,0,0.034036662,test
-10000010255349,1,1,0.96968836,test
-10000010255354,0,0,0.018124258,test
-10000010255356,0,0,3.496832e-05,train
-10000010255361,0,0,0.027590757,train
-10000010255362,0,0,0.002870641,test
-10000010255371,0,0,4.2757096e-05,train
-10000010255377,0,0,0.15174754,train
-10000010255380,0,0,8.0445454e-05,train
-10000010255382,0,1,0.5221424,train
-10000010255385,0,0,0.00021152261,train
-10000010255387,0,0,0.00012402284,train
-10000010255388,0,0,0.00010819019,train
-10000010255390,0,0,0.0001492697,train
-10000010255391,0,0,0.0010658503,train
-10000010255394,1,1,0.7382681,train
-10000010255395,0,0,8.9998626e-05,train
-10000010255401,0,0,0.004683016,train
-10000010255403,0,0,0.30759415,train
-10000010255413,0,0,0.008167146,train
-10000010255415,0,0,3.337492e-05,train
-10000010255419,0,0,4.8310154e-05,train
-10000010255435,0,0,0.00038015426,train
-10000010255434,0,0,0.002482801,train
-10000010255433,0,0,0.021708053,train
-10000010255436,0,0,0.012473396,train
-10000010255439,1,1,0.98729265,train
-10000010255444,0,1,0.9761905,train
-10000010255445,0,0,0.0017877232,train
-10000010255447,0,0,0.022187553,train
-10000010255448,0,0,4.6644407e-05,train
-10000010255451,0,0,0.0037928177,train
-10000010255453,0,0,0.040883526,test
-10000010255455,0,0,2.6717507e-05,test
-10000010255459,0,0,0.0009088772,train
-10000010255460,0,0,0.00024831033,train
-10000010255461,0,0,5.9163503e-05,train
-10000010255463,0,1,0.5075944,train
-10000010255467,0,0,0.00010069105,train
-10000010255475,0,0,0.0005523884,train
-10000010255481,0,0,0.03405581,test
-10000010255484,0,0,0.07039775,train
-10000010255485,0,0,4.2338605e-05,train
-10000010255488,0,0,0.37309745,test
-10000010255490,0,0,0.00013773788,test
-10000010255492,1,1,0.97929126,train
-10000010255493,0,0,0.043227643,test
-10000010255494,0,0,0.0014940149,train
-10000010255497,0,0,0.00013571877,train
-10000010255499,1,1,0.52525747,train
-10000010255500,0,0,0.017124834,train
-10000010255501,0,0,7.684192e-05,test
-10000010255502,0,0,0.053369306,train
-10000010255511,1,1,0.99879956,train
-10000010255518,0,0,0.38758373,train
-10000010255520,0,0,0.03956819,train
-10000010255524,1,1,0.96150255,train
-10000010255536,0,0,0.045994088,train
-10000010255537,0,0,5.7590987e-05,train
-10000010255538,0,0,0.00015017224,train
-10000010255541,0,0,0.00024198653,train
-10000010255545,0,0,0.003114292,train
-10000010255548,0,0,6.302302e-05,train
-10000010255550,0,0,4.5059503e-05,train
-10000010255552,0,0,3.6679954e-05,train
-10000010255553,0,0,0.00094449666,train
-10000010255555,0,0,0.00027939255,train
-10000010255558,1,1,0.9905037,train
-10000010255561,0,0,4.833527e-05,train
-10000010255563,0,0,0.032293614,train
-10000010255564,0,0,0.0005539078,train
-10000010255567,0,0,2.6344122e-05,test
-10000010255570,0,0,7.025648e-05,test
-10000010255574,0,0,8.0321886e-05,test
-10000010255577,1,1,0.9293749,test
-10000010255578,0,0,4.1462798e-05,train
-10000010255579,0,0,0.0992274,train
-10000010255580,0,0,4.3829146e-05,train
-10000010255586,0,0,6.9923226e-05,train
-10000010255588,0,0,0.00021011275,train
-10000010255591,0,1,0.59940577,train
-10000010255594,0,0,0.02679297,test
-10000010255595,0,0,1.8013008e-05,train
-10000010255606,0,0,5.0282255e-05,train
-10000010255607,0,0,7.409956e-05,test
-10000010255611,0,0,0.3512856,train
-10000010255628,0,0,0.0001241594,train
-10000010255630,0,0,0.26969442,train
-10000010255631,0,0,3.7627975e-05,train
-10000010255633,1,1,0.69037664,train
-10000010255637,0,0,7.404036e-05,train
-10000010255638,0,0,0.010072655,test
-10000010255642,0,0,2.5447394e-05,test
-10000010255645,0,0,0.03066267,train
-10000010255647,0,0,0.00010661993,train
-10000010255648,0,0,0.000101990496,train
-10000010255654,0,0,0.00011304266,train
-10000010255656,0,0,8.8434455e-05,train
-10000010255657,0,0,9.565369e-05,train
-10000010255658,0,0,0.49298847,test
-10000010255660,0,0,0.00016122987,train
-10000010255659,0,0,0.00014991916,train
-10000010255661,0,0,0.0001977923,train
-10000010255662,0,0,0.0042012087,test
-10000010255666,0,0,0.00018372954,train
-10000010255667,0,0,0.13507214,test
-10000010255674,0,0,0.0001706406,train
-10000010255675,0,0,0.3248847,train
-10000010255676,0,0,0.002827446,train
-10000010255678,0,1,0.81213087,train
-10000010255679,0,0,0.0062873187,test
-10000010255684,0,0,0.017314862,train
-10000010255685,0,0,0.03031506,test
-10000010255692,0,0,6.1467275e-05,train
-10000010255696,0,0,0.07448239,train
-10000010255697,0,0,0.08464169,train
-10000010255704,1,1,0.9931021,train
-10000010255705,0,0,0.097387336,train
-10000010255708,0,0,0.032667384,train
-10000010255712,0,0,1.9433557e-05,train
-10000010255716,0,0,0.02825711,train
-10000010255720,0,0,6.302302e-05,train
-10000010255727,0,0,0.16980678,train
-10000010255731,0,0,0.00019528589,train
-10000010255738,1,1,0.9419355,train
-10000010255743,0,0,0.0006906945,train
-10000010255746,0,0,0.0025971383,train
-10000010255749,0,1,0.7427393,train
-10000010255750,0,1,0.916602,train
-10000010255755,0,0,0.00024505876,train
-10000010255757,0,0,0.00017249852,train
-10000010255770,0,0,0.028689733,train
-10000010255771,0,0,9.9036595e-05,test
-10000010255779,0,0,0.00066636817,train
-10000010255784,0,0,1.800181e-05,train
-10000010255785,0,0,5.192433e-05,train
-10000010255786,0,0,0.00065274,train
-10000010255788,0,0,0.06960644,test
-10000010255799,1,1,0.9846297,train
-10000010255804,0,0,0.0004539847,train
-10000010255806,0,0,0.0075563905,train
-10000010255809,0,0,0.0032601617,train
-10000010255811,0,0,0.00077199546,train
-10000010255812,0,0,5.782895e-05,train
-10000010255813,0,0,0.00014421063,train
-10000010255817,0,0,0.042523175,train
-10000010255819,0,0,0.015706023,train
-10000010255823,0,0,1.4147083e-05,train
-10000010255824,0,0,2.6314894e-05,train
-10000010255827,0,0,3.440763e-05,train
-10000010255828,1,1,0.9933802,train
-10000010255830,0,0,0.00012389483,train
-10000010255835,0,0,0.00014434573,train
-10000010255836,0,0,7.409956e-05,train
-10000010255839,0,0,0.00073008507,train
-10000010255845,0,0,0.010054547,test
-10000010255849,0,0,3.058192e-05,test
-10000010255851,0,0,0.00018339805,train
-10000010255859,0,0,0.000121440295,train
-10000010255862,1,1,0.9842755,train
-10000010255864,1,1,0.5429092,train
-10000010255866,0,0,0.0034010767,train
-10000010255871,1,1,0.99472237,train
-10000010255873,0,0,8.756961e-05,train
-10000010255875,0,0,0.01615949,train
-10000010255876,1,1,0.9275603,train
-10000010255878,0,0,0.00011756868,train
-10000010255880,0,0,0.04963723,train
-10000010255882,0,0,4.9892926e-05,train
-10000010255884,0,0,5.546602e-05,train
-10000010255885,0,0,0.00014775757,train
-10000010255887,0,0,0.00025495148,train
-10000010255893,0,0,0.0052232863,train
-10000010255899,0,0,0.0007135073,train
-10000010255897,0,0,2.860311e-05,train
-10000010255910,0,0,0.00027222364,train
-10000010255919,0,0,7.250724e-05,train
-10000010255924,0,0,0.00023922045,train
-10000010255928,0,0,0.0035320595,test
-10000010255929,0,0,0.00011242573,train
-10000010255931,0,0,6.715741e-05,train
-10000010255934,0,0,5.963063e-05,train
-10000010255936,0,0,3.641021e-05,train
-10000010255953,0,0,0.00011055023,train
-10000010255954,0,0,4.4728182e-05,train
-10000010255956,0,0,0.00011191402,test
-10000010255959,0,0,5.966544e-05,train
-10000010255966,0,0,4.9169354e-05,train
-10000010255967,1,1,0.8416293,test
-10000010255968,0,0,0.00013896052,train
-10000010255978,0,0,5.937812e-05,train
-10000010255979,0,0,0.011540735,train
-10000010255981,0,0,0.0003502634,train
-10000010255990,0,0,0.00029827564,train
-10000010255992,1,1,0.9775214,test
-10000010255993,0,0,0.002220692,test
-10000010255996,0,0,0.0018984951,train
-10000010256002,0,0,0.0005690169,test
-10000010256006,0,0,6.254489e-05,train
-10000010256014,0,0,0.006964429,train
-10000010256018,0,0,0.0001085261,train
-10000010256021,0,0,0.019904863,test
-10000010256032,0,0,0.00022403475,train
-10000010256037,1,1,0.98379207,train
-10000010256060,0,0,0.00013815802,train
-10000010256063,0,0,3.9239396e-05,train
-10000010256069,0,0,0.00033974703,test
-10000010256070,0,0,4.913392e-05,train
-10000010256077,0,0,0.017692266,train
-10000010256089,0,0,5.9872396e-05,train
-10000010256093,0,0,0.00021908018,train
-10000010256098,0,0,0.00065524277,train
-10000010256112,0,0,0.08404502,train
-10000010256113,1,1,0.9985631,train
-10000010256125,0,0,0.34978426,train
-10000010256131,0,0,0.030560322,train
-10000010256133,0,0,0.013682263,train
-10000010256135,0,0,2.276495e-05,train
-10000010256143,0,0,0.00012148639,train
-10000010256146,0,0,0.0029100135,test
-10000010256150,0,0,0.09261793,train
-10000010256158,0,0,3.989419e-05,train
-10000010256168,0,0,3.385654e-05,train
-10000010256171,0,0,5.4778153e-05,train
-10000010256178,0,1,0.7771642,test
-10000010256179,1,1,0.987958,train
-10000010256184,0,0,5.594891e-05,train
-10000010256187,0,0,0.034797702,test
-10000010256192,0,0,0.00014629897,train
-10000010256193,0,0,0.010739584,train
-10000010256195,0,0,0.00031182493,train
-10000010256194,0,0,0.056575045,train
-10000010256201,0,0,8.385998e-05,train
-10000010256204,0,0,0.00018208826,train
-10000010256206,0,0,7.958933e-05,train
-10000010256216,0,0,3.7724556e-05,train
-10000010256217,0,0,0.00027993915,train
-10000010256219,0,0,0.28767413,train
-10000010256222,0,0,0.005238931,test
-10000010256225,0,0,0.0023357503,train
-10000010256229,0,0,0.00010031451,train
-10000010256230,0,0,0.00015460583,train
-10000010256238,0,0,9.448496e-05,test
-10000010256241,0,0,0.02503944,train
-10000010256243,0,0,4.7405985e-05,train
-10000010256244,0,0,0.0002388453,train
-10000010256245,0,0,0.0012530789,train
-10000010256246,0,0,0.1487136,test
-10000010256247,0,0,0.0027759469,test
-10000010256248,0,0,0.00016399269,train
-10000010256249,0,0,0.27625692,train
-10000010256250,0,1,0.90790284,test
-10000010256251,0,0,0.00015556112,train
-10000010256253,0,0,0.0115462635,train
-10000010256254,0,0,0.35308918,test
-10000010256266,0,0,5.8752903e-05,train
-10000010256271,0,0,1.5516009e-05,train
-10000010256270,0,0,0.17397495,train
-10000010256273,0,0,0.013407885,test
-10000010256276,1,1,0.89096326,train
-10000010256281,0,0,0.0031240303,train
-10000010256296,0,0,2.873223e-05,train
-10000010256298,0,0,8.139636e-05,train
-10000010256305,0,0,0.00032908868,train
-10000010256307,0,0,2.5458197e-05,train
-10000010256308,0,0,6.053105e-05,train
-10000010256310,0,0,0.00021324184,train
-10000010256311,0,0,0.00013405687,train
-10000010256313,0,0,2.8239865e-05,test
-10000010256314,0,0,7.250724e-05,train
-10000010256315,0,0,4.773533e-05,train
-10000010256316,0,0,0.42463288,train
-10000010256320,0,0,8.4124535e-05,train
-10000010256322,1,1,0.974064,train
-10000010256323,0,0,8.9353765e-05,train
-10000010256330,0,0,0.0009506295,train
-10000010256345,0,0,0.00013871798,train
-10000010256346,0,0,0.013834401,test
-10000010256371,0,0,0.0057940492,train
-10000010256374,0,0,0.00013209562,train
-10000010256376,0,0,0.0003734866,train
-10000010256385,0,0,0.009960855,train
-10000010256390,0,0,0.0021849358,test
-10000010256393,0,1,0.53657645,train
-10000010256396,0,1,0.853066,test
-10000010256405,0,0,0.2670575,train
-10000010256409,0,0,0.00015992687,train
-10000010256412,1,1,0.9566387,test
-10000010256415,0,0,0.0001658157,train
-10000010256420,1,1,0.96544945,train
-10000010256423,0,0,2.1375079e-05,train
-10000010256425,0,0,0.108094856,train
-10000010256426,0,0,1.6581744e-05,train
-10000010256432,0,0,0.0001412829,train
-10000010256452,0,0,0.0037762546,train
-10000010256453,0,0,1.9431445e-05,train
-10000010256454,0,0,0.0031138195,train
-10000010256456,0,0,9.6162374e-05,train
-10000010256457,0,1,0.71021765,train
-10000010256458,0,0,7.246708e-05,train
-10000010256459,0,0,0.0004067464,train
-10000010256460,0,0,7.012308e-05,train
-10000010256461,1,1,0.99863535,train
-10000010256467,0,0,4.4078042e-05,train
-10000010256469,0,0,6.469725e-05,train
-10000010256478,0,0,0.006781611,train
-10000010256487,0,0,0.0045019495,train
-10000010256488,0,0,0.00042101563,train
-10000010256494,0,0,6.476824e-05,train
-10000010256504,0,0,0.04642639,train
-10000010256509,0,0,4.801428e-05,train
-10000010256516,0,0,0.00010442542,train
-10000010256519,0,0,0.11699856,train
-10000010256520,0,0,0.00028356363,train
-10000010256523,0,0,0.028489448,train
-10000010256525,0,1,0.52510923,train
-10000010256531,0,0,0.4417863,train
-10000010256543,0,0,6.178561e-05,train
-10000010256545,0,0,3.8293696e-05,train
-10000010256546,0,0,0.00012855939,train
-10000010256548,0,0,0.0004519437,train
-10000010256549,0,0,0.021391267,train
-10000010256556,0,0,4.547621e-05,train
-10000010256559,0,0,6.220916e-05,test
-10000010256561,0,0,5.2640877e-05,train
-10000010256563,0,0,6.6221044e-05,train
-10000010256572,0,0,6.522728e-05,train
-10000010256574,0,0,4.1845207e-05,train
-10000010256575,0,0,4.39587e-05,train
-10000010256576,0,0,0.008259832,train
-10000010256578,0,0,0.00015302989,train
-10000010256581,0,0,5.2017454e-05,train
-10000010256591,0,0,4.3525586e-05,train
-10000010256593,0,0,0.0018914586,train
-10000010256595,0,0,0.00090628595,test
-10000010256599,0,0,2.3585591e-05,test
-10000010256608,0,1,0.83025026,train
-10000010256609,0,0,0.00011459172,train
-10000010256610,0,0,0.00012703842,test
-10000010256619,0,0,0.00011233101,train
-10000010256622,0,0,0.011254478,train
-10000010256625,0,0,0.04079803,train
-10000010256629,0,0,2.3190309e-05,test
-10000010256631,0,1,0.8284689,train
-10000010256633,0,0,0.014744856,train
-10000010256634,0,0,0.00015973834,test
-10000010256636,1,1,0.9991179,test
-10000010256637,0,0,0.0001309681,train
-10000010256640,1,1,0.999363,train
-10000010256641,0,0,0.22219463,train
-10000010256644,0,0,0.00044939958,train
-10000010256648,1,1,0.9862698,train
-10000010256655,0,0,0.0012600439,train
-10000010256656,1,1,0.8773932,test
-10000010256661,0,0,3.9106777e-05,train
-10000010256667,0,0,0.0034750667,train
-10000010256671,0,0,0.00020261241,train
-10000010256675,0,0,2.0300344e-05,train
-10000010256683,0,0,0.00012003274,train
-10000010256687,0,0,7.227984e-05,train
-10000010256688,0,1,0.9246846,test
-10000010256690,0,0,0.0004087636,train
-10000010256699,0,0,0.025036046,train
-10000010256707,0,0,0.12754175,train
-10000010256708,0,0,0.012913833,test
-10000010256709,0,0,0.020317646,train
-10000010256715,0,0,0.00013572848,train
-10000010256714,1,1,0.9729283,train
-10000010256716,0,0,6.547881e-05,train
-10000010256723,0,0,3.6937534e-05,train
-10000010256726,0,0,0.00013267138,train
-10000010256731,0,0,0.0006230836,train
-10000010256732,0,0,1.9429297e-05,test
-10000010256733,0,0,0.004185039,train
-10000010256736,1,1,0.95701426,train
-10000010256738,0,0,0.00027203347,train
-10000010256741,0,0,6.0903116e-05,test
-10000010256747,0,0,8.056107e-05,train
-10000010256748,0,0,3.9782e-05,test
-10000010256755,0,0,8.995109e-05,train
-10000010256759,0,0,0.0004255027,train
-10000010256764,0,0,1.6067279e-05,train
-10000010256770,0,0,0.012772992,train
-10000010256774,0,0,4.812843e-05,train
-10000010256777,0,0,0.004543857,test
-10000010256778,1,1,0.9011749,train
-10000010256785,0,1,0.9065409,train
-10000010256792,1,1,0.99939084,train
-10000010256794,0,0,3.0743155e-05,test
-10000010256801,0,0,0.00062859047,test
-10000010256808,0,0,3.6125737e-05,train
-10000010256809,0,0,2.3075021e-05,train
-10000010256812,0,0,0.00021937762,train
-10000010256814,0,0,0.13263002,train
-10000010256821,0,0,4.632873e-05,train
-10000010256825,0,0,0.0253062,train
-10000010256826,0,0,4.4332108e-05,train
-10000010256834,0,0,0.00016154887,train
-10000010256846,0,0,0.046923466,train
-10000010256849,0,1,0.96681243,test
-10000010256853,0,0,2.471072e-05,test
-10000010256854,0,0,0.027464645,test
-10000010256855,1,1,0.6675528,test
-10000010256859,1,1,0.9648475,train
-10000010256857,0,0,0.47603247,train
-10000010256866,0,0,8.599918e-05,train
-10000010256872,0,0,0.12509908,train
-10000010256873,0,0,0.0010387409,train
-10000010256874,1,1,0.98418105,train
-10000010256876,0,0,0.000105826024,train
-10000010256882,0,0,0.0026001637,train
-10000010256888,0,0,5.525105e-05,train
-10000010256891,0,1,0.6793652,train
-10000010256900,1,1,0.86199075,train
-10000010256903,0,0,0.00034621317,train
-10000010256905,0,0,0.0004148562,train
-10000010256909,0,0,0.00016323387,test
-10000010256911,0,0,0.0004667902,test
-10000010256912,0,0,0.00040200286,train
-10000010256919,0,0,0.0003477686,test
-10000010256926,1,1,0.9322035,train
-10000010256930,0,0,4.5282643e-05,train
-10000010256934,0,0,7.720439e-05,train
-10000010256939,0,1,0.8046637,train
-10000010256941,0,0,0.15839952,train
-10000010256942,0,1,0.5655044,train
-10000010256948,0,0,0.00033788697,train
-10000010256951,0,0,0.00012967695,train
-10000010256957,0,0,0.00034085786,train
-10000010256959,0,0,2.5209307e-05,train
-10000010256963,0,0,6.0001057e-05,train
-10000010256965,0,0,0.00012673497,train
-10000010256966,0,0,0.00034657694,train
-10000010256967,0,0,0.00010543208,train
-10000010256971,0,0,0.0025706359,train
-10000010256978,0,0,3.744863e-05,train
-10000010256982,0,0,5.2731615e-05,train
-10000010256983,1,1,0.8066804,train
-10000010256986,0,0,5.555781e-05,train
-10000010256987,0,0,0.00010599882,train
-10000010256989,0,0,0.0023252799,train
-10000010256999,0,0,3.297176e-05,test
-10000010257006,0,0,8.059979e-05,train
-10000010257007,0,0,5.980637e-05,train
-10000010257009,0,0,0.0033201831,test
-10000010257011,0,0,0.00033752221,test
-10000010257017,0,0,5.046788e-05,train
-10000010257020,0,0,0.026828919,train
-10000010257028,0,0,0.05552115,train
-10000010257032,0,0,0.00015376606,train
-10000010257034,1,1,0.94697857,train
-10000010257036,0,0,2.660188e-05,train
-10000010257043,0,0,4.2364936e-05,test
-10000010257047,0,0,0.008487751,train
-10000010257048,0,0,0.00037625388,train
-10000010257051,0,0,0.47019738,train
-10000010257066,0,0,0.00013128844,train
-10000010257067,0,0,6.901198e-05,test
-10000010257073,0,0,7.37627e-05,train
-10000010257077,0,0,0.106231995,train
-10000010257078,0,0,6.826814e-05,train
-10000010257079,0,0,9.341287e-05,train
-10000010257081,0,0,5.4459808e-05,train
-10000010257082,0,0,0.065333076,test
-10000010257101,0,0,4.9276663e-05,train
-10000010257106,0,0,0.4370425,train
-10000010257111,0,0,0.44552058,train
-10000010257114,0,0,0.08562186,train
-10000010257115,0,1,0.82971126,train
-10000010257118,0,0,4.795978e-05,train
-10000010257119,1,1,0.9990164,test
-10000010257120,0,0,0.15822783,train
-10000010257128,0,0,0.00010193207,train
-10000010257135,1,1,0.96011454,train
-10000010257140,0,0,6.603716e-05,train
-10000010257148,0,0,0.0001423265,train
-10000010257173,0,0,0.0005587174,train
-10000010257178,0,0,1.8393657e-05,train
-10000010257179,0,0,1.2739528e-05,train
-10000010257184,0,0,0.051683243,train
-10000010257186,1,1,0.9489612,test
-10000010257190,0,0,0.00015996226,test
-10000010257198,0,0,2.2049986e-05,train
-10000010257199,0,0,0.00016167031,train
-10000010257200,0,0,0.05588134,train
-10000010257202,0,0,3.5901234e-05,train
-10000010257205,0,0,0.2843497,test
-10000010257206,0,0,0.016383665,train
-10000010257208,0,0,0.040265013,train
-10000010257209,0,0,0.000113931776,test
-10000010257210,1,1,0.9152653,train
-10000010257211,0,0,0.00023209192,train
-10000010257218,0,0,0.011110806,train
-10000010257228,0,0,3.06219e-05,test
-10000010257241,1,1,0.96716803,train
-10000010257243,0,0,8.611792e-05,train
-10000010257250,0,0,6.253445e-05,test
-10000010257252,0,0,3.385525e-05,train
-10000010257254,0,0,0.00016126262,train
-10000010257256,0,0,0.062101427,train
-10000010257258,0,0,0.00017396032,train
-10000010257265,0,0,6.826814e-05,train
-10000010257268,0,0,0.00022101562,train
-10000010257270,0,0,3.6509755e-05,train
-10000010257271,0,0,0.01617947,test
-10000010257273,0,0,0.0001251481,train
-10000010257275,0,0,0.17196034,train
-10000010257278,0,0,5.0453535e-05,train
-10000010257279,0,0,0.020002073,train
-10000010257283,0,0,0.031955775,train
-10000010257292,0,0,0.23745078,train
-10000010257293,0,0,0.00013764124,test
-10000010257294,1,1,0.98034084,train
-10000010257297,0,0,7.5343705e-05,train
-10000010257300,0,0,0.0001433107,train
-10000010257312,0,0,8.434286e-05,train
-10000010257314,0,0,0.013735523,train
-10000010257320,0,0,0.0016115446,train
-10000010257322,0,0,5.1330535e-05,train
-10000010257325,0,0,4.430113e-05,train
-10000010257328,0,0,0.0015526843,train
-10000010257330,0,0,0.023526972,train
-10000010257332,0,0,0.021217573,train
-10000010257339,0,0,2.1721497e-05,train
-10000010257336,0,0,0.009782731,test
-10000010257366,0,0,0.016002944,train
-10000010257369,0,0,0.0593083,train
-10000010257370,1,1,0.73630726,test
-10000010257376,0,0,0.00011692124,test
-10000010257378,0,0,0.0021554602,train
-10000010257379,0,0,7.370378e-05,train
-10000010257383,0,0,0.0002811063,train
-10000010257387,1,1,0.89586073,train
-10000010257390,0,0,0.00013263217,train
-10000010257392,0,0,0.42637897,train
-10000010257395,0,0,4.2467153e-05,train
-10000010257396,0,0,1.4349254e-05,test
-10000010257397,0,0,0.00013560144,test
-10000010257410,0,0,5.7257334e-05,train
-10000010257419,0,0,0.0048695426,train
-10000010257418,0,0,4.423511e-05,train
-10000010257421,0,0,0.00023570775,train
-10000010257431,0,0,5.937812e-05,train
-10000010257435,0,0,7.032526e-05,train
-10000010257443,0,0,3.5414665e-05,train
-10000010257447,0,0,0.0020069727,train
-10000010257448,0,0,0.00018887002,train
-10000010257451,0,1,0.6058774,train
-10000010257456,1,1,0.98270077,train
-10000010257458,0,0,0.0020437068,train
-10000010257465,0,0,0.00023242873,train
-10000010257466,0,0,0.00013846082,test
-10000010257476,0,0,4.8328588e-05,train
-10000010257485,0,0,0.0027315242,train
-10000010257489,0,0,0.45099285,train
-10000010257494,0,0,0.00011129571,test
-10000010257492,0,0,0.00018744268,train
-10000010257499,0,0,4.8056383e-05,train
-10000010257500,0,0,0.0013144955,test
-10000010257503,0,0,0.18823455,test
-10000010257504,0,0,0.23687778,train
-10000010257506,0,0,0.0042813644,train
-10000010257510,0,0,4.8880665e-05,train
-10000010257511,0,0,0.01262983,test
-10000010257512,0,0,5.937812e-05,train
-10000010257514,0,0,0.00011836216,test
-10000010257515,0,0,4.8164242e-05,train
-10000010257517,0,0,0.4778899,test
-10000010257518,0,0,0.00017465054,train
-10000010257519,0,0,0.00082981534,train
-10000010257521,0,0,4.6142308e-05,train
-10000010257523,0,0,2.9458826e-05,train
-10000010257522,0,0,0.0009037369,train
-10000010257529,0,0,0.024781043,train
-10000010257531,0,0,0.047911078,train
-10000010257532,0,0,4.6608347e-05,train
-10000010257534,1,0,0.47023708,train
-10000010257537,0,0,3.75719e-05,train
-10000010257538,0,0,0.00012581985,train
-10000010257540,0,0,0.00059550157,train
-10000010257542,0,0,0.00047670535,train
-10000010257554,0,0,0.010394424,test
-10000010257559,0,0,0.00019775175,train
-10000010257563,0,0,0.40167093,train
-10000010257568,0,0,2.2515407e-05,train
-10000010257576,0,0,0.00014544217,train
-10000010257577,0,0,0.002320676,train
-10000010257578,0,0,0.010587039,train
-10000010257580,1,1,0.9988483,train
-10000010257584,0,0,0.00013346976,train
-10000010257585,0,0,0.11216262,train
-10000010257588,0,0,0.07179969,train
-10000010257589,0,0,0.17589657,test
-10000010257590,0,0,0.0046848967,test
-10000010257591,0,1,0.60183024,train
-10000010257598,0,0,0.023244854,train
-10000010257599,1,1,0.97422135,train
-10000010257601,0,0,0.0005154064,train
-10000010257608,0,0,0.00034129553,train
-10000010257614,0,0,5.965702e-05,train
-10000010257615,0,0,0.0036926235,train
-10000010257616,0,0,0.006997219,train
-10000010257621,0,0,3.385525e-05,train
-10000010257624,0,0,7.01182e-05,train
-10000010257626,0,0,0.13029401,test
-10000010257627,0,0,6.160817e-05,train
-10000010257628,0,0,4.8927675e-05,train
-10000010257630,0,0,4.622881e-05,train
-10000010257636,1,1,0.9834261,train
-10000010257638,0,0,0.00013481319,test
-10000010257640,0,0,0.09984124,train
-10000010257641,0,0,0.0202271,train
-10000010257644,1,1,0.99853337,train
-10000010257645,0,0,0.02999917,test
-10000010257656,0,0,0.00011551725,test
-10000010257660,0,0,0.00012382043,train
-10000010257665,1,1,0.99932134,train
-10000010257667,0,0,0.00011467163,train
-10000010257671,0,0,0.3737029,train
-10000010257680,0,0,2.1217276e-05,train
-10000010257690,0,0,4.606203e-05,test
-10000010257695,0,0,5.937812e-05,test
-10000010257698,0,0,0.00044002788,train
-10000010257697,0,1,0.58436376,train
-10000010257702,1,1,0.99749196,train
-10000010257703,0,0,0.038113445,train
-10000010257709,0,0,0.0002556603,train
-10000010257711,1,1,0.9626113,train
-10000010257714,0,0,1.4349254e-05,test
-10000010257716,0,0,0.1363498,train
-10000010257720,1,1,0.98378193,train
-10000010257723,0,0,0.00021848815,train
-10000010257730,0,0,0.0032461132,train
-10000010257732,0,0,0.2645828,test
-10000010257734,0,0,0.003812371,train
-10000010257737,0,0,0.30328315,train
-10000010257739,0,0,6.9679874e-05,train
-10000010257742,1,1,0.9868925,test
-10000010257744,0,0,0.0012246823,train
-10000010257745,0,1,0.9213483,train
-10000010257751,0,0,0.019236557,train
-10000010257752,1,1,0.9836264,train
-10000010257757,0,1,0.8481071,train
-10000010257760,0,0,0.00013438426,test
-10000010257761,0,0,8.366046e-05,train
-10000010257762,0,0,0.0034886254,train
-10000010257764,0,0,0.00094536185,train
-10000010257769,0,0,0.00013523383,train
-10000010257775,0,0,7.312328e-05,train
-10000010257786,0,0,0.0005785633,train
-10000010257788,0,0,0.0001192823,train
-10000010257787,1,1,0.9990709,test
-10000010257789,0,0,0.026606943,train
-10000010257794,0,0,0.0006216828,train
-10000010257797,0,0,7.2221206e-05,train
-10000010257798,0,1,0.94725263,train
-10000010257811,0,0,0.00015160324,train
-10000010257814,0,0,0.015466785,test
-10000010257815,0,0,8.3893494e-05,train
-10000010257817,0,0,5.5821434e-05,train
-10000010257818,1,1,0.9957408,train
-10000010257820,0,0,0.0002446556,train
-10000010257821,0,0,0.003763958,train
-10000010257824,0,0,0.007838374,train
-10000010257826,0,0,7.392304e-05,train
-10000010257831,0,0,3.2409313e-05,test
-10000010257839,0,0,0.00011312095,train
-10000010257840,0,0,4.6149173e-05,train
-10000010257842,0,0,0.41602948,train
-10000010257852,0,0,0.02015336,train
-10000010257856,0,0,0.00018386607,train
-10000010257857,0,0,0.040077947,test
-10000010257858,0,0,0.005086126,train
-10000010257859,0,0,0.00018136343,test
-10000010257864,0,0,1.9925768e-05,test
-10000010257865,0,0,0.00063161086,test
-10000010257873,0,0,0.41903716,train
-10000010257877,1,1,0.94849026,train
-10000010257881,0,0,2.5683175e-05,train
-10000010257882,0,1,0.6267927,train
-10000010257885,0,1,0.8387461,test
-10000010257890,0,0,0.030549482,test
-10000010257894,0,0,4.188046e-05,train
-10000010257898,0,0,5.1632906e-05,train
-10000010257899,1,1,0.99856263,test
-10000010257905,1,1,0.9843604,train
-10000010257906,0,0,0.022121822,train
-10000010257908,0,0,7.480356e-05,train
-10000010257909,0,0,6.828168e-05,train
-10000010257913,1,1,0.99707615,train
-10000010257915,0,0,2.264655e-05,train
-10000010257916,0,1,0.7011095,train
-10000010257917,0,0,0.33717376,train
-10000010257919,0,0,0.00022794744,test
-10000010257920,0,0,0.00010604634,train
-10000010257921,1,1,0.9055261,train
-10000010257922,0,0,0.28681222,train
-10000010257923,0,0,0.10291417,train
-10000010257924,0,0,5.823159e-05,train
-10000010257926,0,0,0.021420082,train
-10000010257928,0,0,5.0587278e-05,train
-10000010257932,0,0,0.008033317,train
-10000010257934,0,0,0.00011923556,train
-10000010257942,0,0,0.0030879625,test
-10000010257941,0,0,0.080225214,train
-10000010257943,0,0,0.00017357607,train
-10000010257948,1,1,0.9937569,test
-10000010257956,0,0,3.884778e-05,train
-10000010257960,0,0,0.00019466625,test
-10000010257964,0,0,0.027567655,train
-10000010257965,0,0,0.015547413,train
-10000010257967,1,1,0.90691525,test
-10000010257969,0,0,2.3738245e-05,train
-10000010257972,0,0,0.00013265494,train
-10000010257988,0,0,0.0001474045,train
-10000010257995,0,0,0.0022055504,train
-10000010257996,0,0,0.00062427897,test
-10000010257998,0,0,0.0052004745,train
-10000010258001,0,0,4.7814563e-05,train
-10000010258006,0,0,0.0005375263,train
-10000010258007,0,0,6.466147e-05,train
-10000010258011,0,0,0.16200642,train
-10000010258015,0,0,0.15361248,train
-10000010258017,0,0,0.00010863026,train
-10000010258024,0,0,0.0020182964,train
-10000010258023,0,0,0.0010763967,train
-10000010258030,0,0,3.3588654e-05,test
-10000010258031,1,1,0.941793,train
-10000010258040,0,0,0.0012045365,test
-10000010258053,0,0,0.00011348375,train
-10000010258056,0,0,0.0023475229,train
-10000010258062,0,0,2.390369e-05,train
-10000010258063,0,1,0.74151665,train
-10000010258066,0,0,0.0032485889,train
-10000010258068,0,0,0.00013180963,train
-10000010258067,1,1,0.97813135,train
-10000010258069,0,0,0.00012852212,test
-10000010258070,0,0,0.0053678895,test
-10000010258077,0,0,0.0025960996,train
-10000010258079,0,0,0.000104786006,test
-10000010258081,0,0,0.022608655,train
-10000010258085,0,0,0.16175194,test
-10000010258087,0,0,0.00057370984,train
-10000010258091,0,0,0.037588984,train
-10000010258093,0,0,0.00047512326,test
-10000010258094,0,0,0.3760364,train
-10000010258096,0,0,0.00024191041,test
-10000010258098,0,0,2.5264517e-05,train
-10000010258101,1,1,0.9856182,train
-10000010258116,0,0,0.07037262,train
-10000010258117,0,0,5.4989498e-05,train
-10000010258123,0,0,0.000105970925,train
-10000010258124,1,1,0.99726844,train
-10000010258137,0,0,0.049189743,train
-10000010258144,1,1,0.76485753,test
-10000010258146,0,0,0.0067123114,train
-10000010258147,0,0,0.00014400629,train
-10000010258150,0,0,0.015385446,train
-10000010258151,0,0,4.8437938e-05,train
-10000010258152,0,0,0.00014350857,train
-10000010258153,0,0,0.00014463754,train
-10000010258155,0,0,0.07906575,train
-10000010258157,0,0,0.00764319,train
-10000010258159,0,0,0.00015650842,test
-10000010258161,0,0,0.223388,train
-10000010258164,1,1,0.90790004,train
-10000010258176,0,1,0.6432212,train
-10000010258185,0,0,0.00087873585,train
-10000010258187,0,0,0.00063929986,train
-10000010258189,0,0,0.22330077,test
-10000010258198,0,0,3.8184116e-05,train
-10000010258199,0,0,0.00010377224,test
-10000010258201,0,0,4.4047323e-05,test
-10000010258204,0,0,0.17254351,train
-10000010258212,0,0,0.10610354,train
-10000010258219,0,0,2.1594e-05,train
-10000010258222,0,0,0.015812676,train
-10000010258223,0,0,3.3952958e-05,train
-10000010258225,0,0,0.122297965,test
-10000010258229,0,0,0.0005181733,train
-10000010258230,0,0,2.1291096e-05,train
-10000010258232,0,0,4.611138e-05,test
-10000010258233,0,0,0.001951381,train
-10000010258237,1,1,0.8288375,train
-10000010258238,0,0,0.02708231,train
-10000010258241,1,1,0.98647493,train
-10000010258246,0,0,0.00016294245,train
-10000010258248,0,0,0.046728816,train
-10000010258249,0,0,0.00033619907,train
-10000010258250,0,0,0.00677173,train
-10000010258253,0,0,5.7126817e-05,test
-10000010258255,0,0,5.1273833e-05,train
-10000010258265,0,0,0.014173165,test
-10000010258266,0,0,0.020453965,train
-10000010258268,0,0,0.033311017,train
-10000010258271,0,0,3.660912e-05,train
-10000010258272,0,1,0.54812795,test
-10000010258273,1,1,0.9599329,train
-10000010258274,0,0,8.7399174e-05,train
-10000010258278,1,1,0.9503814,test
-10000010258283,0,0,5.792692e-05,test
-10000010258284,1,1,0.983343,train
-10000010258285,0,0,0.016113734,train
-10000010258286,0,0,3.3636512e-05,train
-10000010258288,0,0,8.389534e-05,train
-10000010258290,0,1,0.65143627,train
-10000010258289,0,0,0.00013886436,train
-10000010258291,0,0,2.4309002e-05,train
-10000010258292,0,0,0.0032225333,train
-10000010258293,0,0,5.2327865e-05,train
-10000010258296,0,0,3.337492e-05,train
-10000010258297,0,0,0.0012047872,train
-10000010258302,0,0,0.01149782,train
-10000010258304,0,0,0.21330495,train
-10000010258305,0,0,9.579079e-05,train
-10000010258307,0,0,0.0006043444,train
-10000010258308,0,0,0.003366094,train
-10000010258309,0,0,0.011244778,test
-10000010258313,1,1,0.99883944,train
-10000010258315,0,0,0.000128724,test
-10000010258320,0,0,0.0047881384,train
-10000010258321,0,0,0.004357588,train
-10000010258329,1,1,0.9436077,train
-10000010258331,1,1,0.99826616,train
-10000010258333,0,0,0.015390886,train
-10000010258337,0,0,0.010455002,test
-10000010258344,0,0,0.0003417574,train
-10000010258349,1,1,0.97411907,test
-10000010258350,0,0,0.00018811069,test
-10000010258352,0,0,0.00011879454,train
-10000010258354,0,0,0.0003409492,train
-10000010258366,1,1,0.9867754,train
-10000010258370,0,1,0.7620062,train
-10000010258372,0,0,0.01979823,train
-10000010258374,0,0,0.00010046049,train
-10000010258376,0,0,0.0001842376,train
-10000010258377,0,1,0.9528204,train
-10000010258383,0,0,0.006675141,train
-10000010258384,0,0,0.17289871,train
-10000010258387,0,0,0.16535197,train
-10000010258388,0,0,0.004222329,train
-10000010258389,0,0,0.00037140082,train
-10000010258394,0,0,0.00014906842,test
-10000010258396,0,0,4.403502e-05,train
-10000010258397,0,0,0.018182583,train
-10000010258403,0,0,2.4156157e-05,train
-10000010258405,0,0,0.0038400276,test
-10000010258411,1,1,0.9657856,train
-10000010258421,0,1,0.89113474,test
-10000010258423,0,0,0.00814762,train
-10000010258422,0,0,0.027386744,train
-10000010258427,0,0,0.40613124,test
-10000010258428,0,0,0.019219868,train
-10000010258432,0,0,1.7332371e-05,test
-10000010258434,0,0,0.060166046,train
-10000010258435,0,0,0.0001765469,train
-10000010258440,0,0,0.00034708562,train
-10000010258446,0,0,9.7903336e-05,test
-10000010258453,0,0,8.4366104e-05,train
-10000010258455,0,0,0.00037981285,train
-10000010258458,0,0,4.6522553e-05,train
-10000010258459,0,0,0.3367206,train
-10000010258460,0,0,0.00018531054,train
-10000010258463,0,0,0.00011577695,train
-10000010258471,0,0,0.003975746,train
-10000010258475,0,0,0.00074848253,train
-10000010258476,0,0,6.0234615e-05,train
-10000010258477,0,0,0.00011341474,train
-10000010258482,0,0,9.645607e-05,train
-10000010258483,0,0,0.0628352,train
-10000010258486,0,0,1.3566683e-05,train
-10000010258487,0,0,0.00028543302,train
-10000010258488,0,0,5.6951998e-05,test
-10000010258491,0,0,0.00030361302,train
-10000010258498,0,0,0.00037323195,train
-10000010258501,0,0,3.622644e-05,test
-10000010258502,1,1,0.9627399,train
-10000010258505,1,1,0.999393,test
-10000010258506,0,0,0.0010802025,train
-10000010258507,0,0,5.135487e-05,train
-10000010258510,0,0,0.00014780056,train
-10000010258511,1,1,0.9679488,train
-10000010258512,1,1,0.9992975,train
-10000010258515,0,0,0.0019943747,test
-10000010258519,0,1,0.9402867,test
-10000010258520,0,0,0.06382974,train
-10000010258522,0,0,1.3988082e-05,test
-10000010258521,1,1,0.9409528,train
-10000010258525,0,0,0.00013366577,test
-10000010258530,0,0,0.00027937468,train
-10000010258536,0,0,0.00012775809,test
-10000010258542,0,0,0.000108967855,train
-10000010258544,1,1,0.998409,train
-10000010258545,0,0,3.250415e-05,train
-10000010258547,0,0,0.00010326073,test
-10000010258549,0,0,0.0016737753,train
-10000010258551,0,0,0.0025370473,train
-10000010258552,0,0,0.39711508,train
-10000010258553,0,1,0.9532857,train
-10000010258554,1,1,0.897429,test
-10000010258555,1,1,0.99921215,test
-10000010258556,0,0,4.4000597e-05,train
-10000010258564,0,0,5.546602e-05,train
-10000010258568,0,0,0.0050485893,test
-10000010258569,1,1,0.98480463,train
-10000010258571,0,0,0.0001210539,train
-10000010258573,0,0,0.00010482418,train
-10000010258576,0,0,0.30968764,train
-10000010258582,0,0,0.00012909154,train
-10000010258585,0,0,0.00026999557,test
-10000010258586,0,0,0.2489348,train
-10000010258587,0,0,0.00012352006,train
-10000010258588,0,0,5.782895e-05,train
-10000010258595,0,0,9.492286e-05,test
-10000010258599,0,0,2.314612e-05,train
-10000010258601,0,0,0.00018296977,train
-10000010258602,0,0,0.004289387,train
-10000010258603,0,0,7.7636505e-05,train
-10000010258605,0,0,7.409956e-05,test
-10000010258604,0,1,0.9088297,train
-10000010258606,0,1,0.6223026,train
-10000010258608,0,0,0.0076023294,train
-10000010258620,0,1,0.9556494,test
-10000010258622,0,0,0.080309734,train
-10000010258625,1,1,0.98515445,train
-10000010258627,0,0,0.0033000342,train
-10000010258634,0,0,0.053113744,train
-10000010258642,0,0,0.00018214728,train
-10000010258643,0,0,3.2135038e-05,test
-10000010258644,0,0,0.0006461257,train
-10000010258654,0,0,1.3566683e-05,test
-10000010258655,0,0,9.2328555e-05,test
-10000010258661,1,0,0.09358288,test
-10000010258666,0,0,0.055781752,train
-10000010258669,0,0,0.00012868644,train
-10000010258668,1,1,0.9026105,train
-10000010258672,0,0,3.4498113e-05,test
-10000010258673,0,0,0.0001294248,train
-10000010258674,0,0,0.014184844,train
-10000010258679,0,0,0.001714289,train
-10000010258682,0,1,0.53296995,train
-10000010258691,0,0,0.00010191953,train
-10000010258692,0,0,0.0003443333,train
-10000010258694,0,0,0.00084720476,train
-10000010258695,0,0,0.00020963128,train
-10000010258696,0,0,0.045549292,train
-10000010258703,0,0,3.5588615e-05,train
-10000010258705,0,0,0.03940774,train
-10000010258706,0,0,0.38337192,train
-10000010258721,0,0,0.00010811912,train
-10000010258724,0,0,0.046660233,train
-10000010258728,0,0,0.0001757962,train
-10000010258730,0,0,4.2982843e-05,train
-10000010258731,0,0,0.00024418577,test
-10000010258733,0,0,0.011285307,train
-10000010258734,0,0,5.72504e-05,train
-10000010258755,0,0,0.27162972,test
-10000010258757,0,0,0.34644264,test
-10000010258761,0,0,0.40464124,train
-10000010258763,0,0,0.37726888,train
-10000010258765,0,0,6.227736e-05,train
-10000010258773,0,0,0.00025007373,train
-10000010258776,0,0,9.041686e-05,test
-10000010258780,0,0,0.00037746498,train
-10000010258782,0,0,0.00038403372,train
-10000010258785,0,0,0.0671342,train
-10000010258788,0,0,0.037934598,train
-10000010258799,0,0,4.7286245e-05,train
-10000010258800,1,1,0.97264594,train
-10000010258804,0,0,8.5645384e-05,train
-10000010258807,0,0,7.3709474e-05,test
-10000010258818,0,0,7.2637275e-05,train
-10000010258819,0,1,0.70666414,train
-10000010258821,1,1,0.8277181,test
-10000010258823,0,0,0.00014307871,train
-10000010258824,0,0,0.00034547874,train
-10000010258827,0,0,4.837359e-05,train
-10000010258831,0,0,0.009631546,train
-10000010258835,0,0,0.00013455069,train
-10000010258843,0,0,0.0029886758,train
-10000010258855,0,0,0.017317671,train
-10000010258858,1,1,0.68944305,train
-10000010258876,1,1,0.9491875,train
-10000010258877,0,0,0.026161468,train
-10000010258878,0,0,0.00013981674,train
-10000010258879,0,1,0.9715617,train
-10000010258882,1,1,0.9894292,train
-10000010258883,0,0,6.4991844e-05,train
-10000010258886,0,0,2.1072072e-05,train
-10000010258887,0,0,7.7151846e-05,train
-10000010258891,0,0,0.002263119,train
-10000010258895,1,1,0.97518563,train
-10000010258906,0,0,0.052682754,test
-10000010258911,0,0,0.027034493,train
-10000010258913,0,0,9.4688985e-05,train
-10000010258916,0,0,0.00013572848,train
-10000010258921,0,0,0.00014508425,train
-10000010258923,0,0,0.005967989,train
-10000010258924,0,0,0.027704416,train
-10000010258925,0,0,0.003302474,train
-10000010258926,0,0,4.17634e-05,train
-10000010258931,0,0,0.030427393,train
-10000010258934,0,0,6.5296175e-05,train
-10000010258939,0,0,0.0072289095,train
-10000010258940,0,0,5.0234612e-05,train
-10000010258947,0,0,0.00013196633,train
-10000010258950,0,0,9.856553e-05,test
-10000010258952,0,0,3.160205e-05,test
-10000010258954,0,0,8.947177e-05,train
-10000010258955,0,0,4.8593025e-05,test
-10000010258957,0,0,0.00038705303,test
-10000010258961,0,0,7.7984725e-05,train
-10000010258962,1,1,0.99921703,test
-10000010258968,0,0,0.029711762,test
-10000010258971,0,0,0.008479561,test
-10000010258972,1,1,0.99846965,train
-10000010258976,1,1,0.97553605,train
-10000010258979,0,0,7.409956e-05,train
-10000010258981,0,0,0.008852078,train
-10000010258985,0,0,6.1505205e-05,test
-10000010258986,0,0,0.00010525007,train
-10000010258988,0,0,0.011260939,train
-10000010258989,0,0,0.00016955668,train
-10000010259003,0,0,0.0013917218,train
-10000010259004,0,1,0.80673337,train
-10000010259009,0,1,0.7490859,train
-10000010259010,0,0,0.003692025,test
-10000010259012,0,0,9.496089e-05,test
-10000010259013,0,0,0.0016010376,train
-10000010259014,0,1,0.7354782,train
-10000010259030,0,0,8.065e-05,train
-10000010259031,0,0,0.0038524366,test
-10000010259034,0,0,0.00021838713,test
-10000010259035,0,0,3.9375765e-05,train
-10000010259036,0,0,0.0005145491,train
-10000010259039,0,0,0.041957818,train
-10000010259040,0,0,8.353753e-05,train
-10000010259044,1,1,0.954178,train
-10000010259045,0,0,0.025214404,train
-10000010259046,0,0,5.6692494e-05,train
-10000010259056,0,0,0.0003179583,train
-10000010259057,0,0,0.037378352,train
-10000010259059,0,0,0.0887847,train
-10000010259062,0,1,0.597396,train
-10000010259072,0,0,0.000109732595,train
-10000010259082,0,0,6.547344e-05,train
-10000010259086,0,0,0.011147283,train
-10000010259091,0,0,5.546602e-05,train
-10000010259097,0,0,0.000105210325,train
-10000010259100,0,0,0.005354576,train
-10000010259102,0,0,0.007902808,train
-10000010259103,0,0,0.0044779247,train
-10000010259105,0,0,0.0016630098,train
-10000010259115,0,0,1.3841938e-05,train
-10000010259118,0,0,0.048603643,train
-10000010259120,0,0,0.00012101939,train
-10000010259121,0,0,0.0068045435,train
-10000010259125,0,0,9.325658e-05,train
-10000010259127,1,1,0.98663956,train
-10000010259131,0,0,4.7190744e-05,train
-10000010259136,0,0,0.0001584261,train
-10000010259140,0,1,0.862918,train
-10000010259145,0,0,0.00011390191,train
-10000010259152,0,0,0.0031518722,train
-10000010259153,0,0,0.0002446556,train
-10000010259156,0,0,0.00024822372,train
-10000010259158,0,0,0.010254428,train
-10000010259161,0,0,5.2755153e-05,train
-10000010259162,1,1,0.9175566,test
-10000010259177,0,0,0.11825738,train
-10000010259179,0,0,0.04331407,train
-10000010259180,0,0,0.0003787973,test
-10000010259186,0,0,0.0033065446,train
-10000010259189,0,0,6.5096414e-05,test
-10000010259191,1,1,0.80355793,train
-10000010259192,0,0,9.154549e-05,train
-10000010259194,1,1,0.98313004,train
-10000010259197,0,0,0.412097,test
-10000010259198,0,1,0.6006695,train
-10000010259209,0,0,5.291245e-05,train
-10000010259214,1,1,0.9671874,train
-10000010259215,0,0,2.4567598e-05,train
-10000010259225,0,0,0.0020235511,train
-10000010259226,0,0,9.105698e-05,train
-10000010259230,1,1,0.98658466,train
-10000010259232,0,0,0.16924205,train
-10000010259239,0,0,1.8754608e-05,train
-10000010259241,0,0,4.89127e-05,train
-10000010259244,0,0,0.31792328,train
-10000010259246,1,1,0.9546143,train
-10000010259247,0,0,4.3768247e-05,train
-10000010259249,0,0,0.0017071278,train
-10000010259255,0,0,0.00018941196,train
-10000010259258,0,0,4.895493e-05,train
-10000010259259,1,1,0.9989704,train
-10000010259260,0,0,0.00094752066,train
-10000010259262,1,1,0.93092924,train
-10000010259264,0,0,0.00017800243,train
-10000010259269,0,0,0.0024425676,train
-10000010259270,0,0,3.0735795e-05,test
-10000010259275,0,0,0.000117950905,train
-10000010259281,0,0,0.00052980916,test
-10000010259289,0,0,8.390878e-05,train
-10000010259295,0,0,0.22115453,train
-10000010259296,0,0,0.04320524,train
-10000010259297,0,0,0.08157016,test
-10000010259298,0,0,0.025511784,train
-10000010259299,0,1,0.7609125,test
-10000010259307,0,0,0.0001601373,test
-10000010259309,0,0,0.00065684033,train
-10000010259310,1,1,0.9760468,test
-10000010259316,0,0,0.0001282144,test
-10000010259324,0,0,3.0029523e-05,train
-10000010259329,0,0,6.1315935e-05,train
-10000010259331,0,0,2.204538e-05,train
-10000010259333,0,0,0.07483809,test
-10000010259335,0,0,0.31241485,test
-10000010259337,1,1,0.8380213,train
-10000010259345,0,0,4.494398e-05,test
-10000010259348,0,0,0.038975284,train
-10000010259359,0,0,0.0056117205,train
-10000010259361,1,1,0.97075284,train
-10000010259364,0,0,0.00019517308,train
-10000010259365,0,0,0.0054231873,test
-10000010259369,0,0,4.604692e-05,train
-10000010259371,1,1,0.9985656,train
-10000010259376,0,0,5.73638e-05,train
-10000010259379,0,0,0.0029027974,train
-10000010259383,0,0,0.0001136786,train
-10000010259385,0,0,0.027950667,train
-10000010259388,0,0,0.013811053,test
-10000010259389,1,1,0.95475507,train
-10000010259395,0,0,0.009395297,test
-10000010259396,1,1,0.99205726,train
-10000010259398,0,0,0.024951404,train
-10000010259399,0,0,8.275607e-05,test
-10000010259401,0,0,5.8799542e-05,train
-10000010259402,0,0,0.00976258,train
-10000010259404,0,0,0.00013832384,train
-10000010259405,0,0,0.015126671,train
-10000010259415,0,0,0.013359943,train
-10000010259416,0,1,0.749568,train
-10000010259421,0,0,0.00013244184,train
-10000010259427,0,0,0.00015919126,train
-10000010259428,0,0,4.699149e-05,train
-10000010259432,0,0,6.547881e-05,train
-10000010259431,1,1,0.97345835,test
-10000010259433,0,0,0.14055054,train
-10000010259434,1,1,0.98319155,train
-10000010259438,0,0,0.00034529105,train
-10000010259440,0,0,0.0019141247,train
-10000010259444,0,0,0.18220994,train
-10000010259450,0,0,0.0072531714,test
-10000010259453,0,0,0.0001461052,train
-10000010259456,0,0,0.0067491657,train
-10000010259460,0,1,0.7172699,train
-10000010259464,1,1,0.89814657,train
-10000010259472,0,0,3.6144756e-05,train
-10000010259473,1,1,0.90646034,train
-10000010259474,0,0,5.186989e-05,train
-10000010259481,1,1,0.996121,train
-10000010259486,0,0,0.00018225466,train
-10000010259488,0,0,0.031185135,test
-10000010259489,0,0,9.228357e-05,train
-10000010259490,0,1,0.6187933,train
-10000010259495,0,0,0.0001780306,train
-10000010259499,0,0,4.7797195e-05,train
-10000010259512,1,1,0.9526714,train
-10000010259517,0,0,0.10158753,train
-10000010259518,0,0,7.4571515e-05,train
-10000010259520,0,0,0.033620592,train
-10000010259528,0,0,0.0001770312,train
-10000010259549,0,0,3.5669647e-05,train
-10000010259554,0,0,2.809382e-05,train
-10000010259555,0,0,0.006053995,test
-10000010259561,0,0,3.3608074e-05,train
-10000010259563,0,0,4.3863685e-05,train
-10000010259565,0,1,0.86885506,test
-10000010259567,0,0,0.07691649,train
-10000010259568,0,1,0.8807514,train
-10000010259570,0,0,0.0006419754,train
-10000010259571,0,0,0.028002335,train
-10000010259576,0,0,0.00035908408,train
-10000010259578,0,0,0.00657826,train
-10000010259579,0,0,9.767777e-05,train
-10000010259580,0,0,0.00013181717,train
-10000010259584,0,0,0.26817122,test
-10000010259587,0,0,2.0646092e-05,train
-10000010259588,0,0,0.00015891736,train
-10000010259589,0,0,0.00058111217,test
-10000010259594,0,0,0.0009892979,test
-10000010259596,0,0,0.020511147,train
-10000010259604,0,0,0.030539814,train
-10000010259611,0,0,0.00038322492,train
-10000010259613,1,1,0.9399452,train
-10000010259617,0,0,3.41332e-05,train
-10000010259619,0,0,6.947061e-05,train
-10000010259622,0,0,0.0042669172,train
-10000010259630,1,1,0.9967603,test
-10000010259632,1,1,0.99889886,train
-10000010259637,1,1,0.99871826,train
-10000010259643,0,0,8.879443e-05,train
-10000010259644,0,0,0.00024852942,train
-10000010259645,0,0,2.848429e-05,train
-10000010259648,1,1,0.9168089,train
-10000010259650,0,0,4.092747e-05,train
-10000010259653,0,0,0.006533286,train
-10000010259656,0,0,2.0141119e-05,train
-10000010259657,0,0,0.099534936,train
-10000010259664,0,0,0.00013523949,train
-10000010259671,0,0,0.23892933,train
-10000010259674,0,0,2.753719e-05,train
-10000010259684,0,0,0.37495,train
-10000010259685,1,1,0.9691806,train
-10000010259691,0,0,0.043884516,train
-10000010259703,0,0,0.00011352554,train
-10000010259706,0,0,7.90449e-05,train
-10000010259710,0,0,0.011558095,train
-10000010259711,0,0,0.357792,train
-10000010259714,0,0,0.07339215,train
-10000010259715,0,0,0.005393748,train
-10000010259726,1,1,0.98313046,train
-10000010259728,0,0,0.07610241,test
-10000010259744,0,0,0.005175056,train
-10000010259745,0,0,0.00011253545,train
-10000010259746,0,0,0.0027992574,train
-10000010259751,0,0,0.0022379295,train
-10000010259752,0,0,0.10941308,test
-10000010259754,0,0,0.04304537,train
-10000010259760,0,0,3.518431e-05,test
-10000010259765,1,1,0.9981896,train
-10000010259768,0,1,0.9620132,train
-10000010259769,1,1,0.88203716,train
-10000010259770,0,0,0.004492213,test
-10000010259774,0,0,0.015248629,train
-10000010259777,0,0,7.071692e-05,test
-10000010259780,0,1,0.914563,train
-10000010259783,0,0,5.576525e-05,test
-10000010259786,1,1,0.99643767,test
-10000010259788,0,0,0.00013557378,train
-10000010259789,1,1,0.998906,test
-10000010259790,0,0,0.04200258,train
-10000010259794,0,0,3.274449e-05,train
-10000010259800,0,0,4.9351387e-05,train
-10000010259818,0,0,9.5433206e-05,train
-10000010259820,1,1,0.9713197,test
-10000010259822,0,1,0.957323,train
-10000010259830,0,0,0.017979313,train
-10000010259832,1,1,0.7975423,train
-10000010259835,0,0,0.0006272266,train
-10000010259846,0,0,0.02967489,train
-10000010259849,0,0,0.00022569463,train
-10000010259852,0,0,0.06970457,test
-10000010259853,0,0,5.9741902e-05,train
-10000010259856,0,0,0.0002074651,train
-10000010259860,0,0,0.2215187,train
-10000010259861,0,0,0.00887512,train
-10000010259869,0,0,0.0025442338,train
-10000010259885,0,0,3.7104135e-05,train
-10000010259890,0,0,0.00043152456,train
-10000010259895,0,0,0.0036749018,test
-10000010259906,0,0,0.016227663,test
-10000010259908,1,1,0.9143234,test
-10000010259917,0,0,0.00015930636,train
-10000010259918,0,0,0.09353586,train
-10000010259920,0,0,3.882548e-05,test
-10000010259932,0,0,0.0017348661,train
-10000010259943,0,0,6.359322e-05,train
-10000010259947,0,0,0.0049043954,test
-10000010259952,0,0,5.650321e-05,train
-10000010259953,0,0,0.00017823577,train
-10000010259958,0,0,0.00013823826,train
-10000010259959,0,0,0.002068279,train
-10000010259967,0,0,0.00032353858,train
-10000010259968,0,0,0.00028195826,train
-10000010259969,0,0,4.922856e-05,train
-10000010259970,0,0,4.3940632e-05,train
-10000010259973,0,0,4.9171795e-05,test
-10000010259974,0,0,4.2570144e-05,train
-10000010259975,0,0,0.121338665,train
-10000010259976,0,0,0.00011782591,train
-10000010259982,0,0,0.00013757012,train
-10000010259994,0,1,0.8150325,test
-10000010259997,0,0,0.0015227173,train
-10000010260008,1,1,0.9760449,train
-10000010260009,0,0,0.0002201468,train
-10000010260013,0,0,0.00017166548,train
-10000010260016,0,0,0.036005393,test
-10000010260017,0,0,0.00019311575,train
-10000010260018,0,0,7.049069e-05,train
-10000010260028,1,1,0.9884974,train
-10000010260032,0,0,4.1298834e-05,train
-10000010260038,0,0,1.5516009e-05,train
-10000010260042,0,0,0.1251845,train
-10000010260047,0,0,2.0920117e-05,test
-10000010260048,0,0,0.0028630404,train
-10000010260050,0,0,8.5248e-05,test
-10000010260059,0,0,0.035233304,train
-10000010260062,0,0,0.0003852836,train
-10000010260066,0,0,0.00046748066,test
-10000010260067,0,0,0.00013867024,test
-10000010260068,0,0,2.6725435e-05,train
-10000010260070,0,0,0.00010230356,test
-10000010260074,0,0,0.07280682,train
-10000010260083,0,0,0.00010707292,train
-10000010260086,0,0,0.00010532747,train
-10000010260096,0,0,0.00076532835,test
-10000010260101,0,0,0.00011181119,train
-10000010260103,0,1,0.648381,train
-10000010260105,1,1,0.986735,train
-10000010260107,0,0,0.00017842572,train
-10000010260108,0,0,0.0047726417,train
-10000010260114,0,0,0.0076298523,train
-10000010260119,0,0,0.105315804,test
-10000010260121,0,0,0.00040221098,train
-10000010260130,0,0,0.0022137696,train
-10000010260136,0,0,5.937812e-05,train
-10000010260135,1,1,0.914887,train
-10000010260137,0,0,6.723379e-05,train
-10000010260140,0,0,3.0743155e-05,test
-10000010260142,0,0,0.0007328619,train
-10000010260145,0,0,3.626937e-05,test
-10000010260147,0,0,5.4014792e-05,test
-10000010260148,0,0,0.00028359552,train
-10000010260150,0,0,6.879206e-05,train
-10000010260157,0,0,0.00030487828,train
-10000010260165,0,0,0.027805973,train
-10000010260169,0,0,6.93122e-05,train
-10000010260170,0,0,0.00023476889,train
-10000010260183,0,0,0.00023294232,train
-10000010260185,0,0,6.547881e-05,train
-10000010260190,0,0,0.4571048,train
-10000010260192,0,0,0.00024265124,test
-10000010260207,0,0,2.57716e-05,train
-10000010260213,0,0,0.0068873414,train
-10000010260215,0,0,0.008708009,train
-10000010260218,0,0,0.290729,train
-10000010260219,0,0,6.547881e-05,train
-10000010260224,0,0,0.00012796438,test
-10000010260237,1,1,0.7095257,test
-10000010260248,1,1,0.99650985,train
-10000010260249,0,0,3.9000744e-05,train
-10000010260257,0,0,8.391846e-05,train
-10000010260265,0,1,0.6954698,train
-10000010260269,0,0,4.4873697e-05,train
-10000010260270,0,0,8.307741e-05,test
-10000010260272,0,0,0.00011700712,train
-10000010260276,0,0,5.3820437e-05,train
-10000010260280,0,0,0.00012308774,train
-10000010260283,0,0,6.053682e-05,train
-10000010260286,0,0,0.00010977173,test
-10000010260287,0,0,0.008036297,train
-10000010260289,0,0,0.005468543,train
-10000010260291,0,0,6.0644867e-05,train
-10000010260292,0,0,0.1915985,train
-10000010260293,0,0,5.8019134e-05,test
-10000010260296,0,0,0.10084811,train
-10000010260302,0,0,0.10506043,test
-10000010260310,0,0,5.6951998e-05,train
-10000010260312,0,1,0.9279246,train
-10000010260314,0,0,0.0034581264,train
-10000010260322,0,0,0.00015230232,test
-10000010260325,0,0,3.406407e-05,train
-10000010260332,0,0,0.0004847086,train
-10000010260334,0,0,0.00011153784,train
-10000010260336,0,0,0.00034154617,train
-10000010260337,0,0,5.826509e-05,train
-10000010260341,0,1,0.751368,train
-10000010260342,0,0,0.005516314,train
-10000010260343,0,0,6.7185334e-05,train
-10000010260344,0,0,2.848429e-05,train
-10000010260347,0,0,5.7745132e-05,train
-10000010260349,0,0,8.190769e-05,train
-10000010260350,0,0,1.8843297e-05,train
-10000010260359,0,0,0.37738135,train
-10000010260366,0,0,9.2079455e-05,train
-10000010260370,0,0,7.107184e-05,test
-10000010260371,0,0,0.0057122083,train
-10000010260378,0,0,0.0031480002,train
-10000010260382,0,0,0.012617491,train
-10000010260385,0,0,8.094857e-05,test
-10000010260408,0,0,0.0075305374,train
-10000010260410,0,0,0.0017485498,train
-10000010260414,0,0,3.5976085e-05,train
-10000010260419,0,0,0.00991096,train
-10000010260420,0,0,0.0102038905,train
-10000010260424,0,0,5.511245e-05,train
-10000010260425,0,0,6.547881e-05,train
-10000010260429,0,0,6.397411e-05,test
-10000010260436,0,0,0.016610024,train
-10000010260443,1,1,0.95796204,test
-10000010260448,0,0,0.00010813697,train
-10000010260449,1,1,0.9979869,train
-10000010260452,0,0,0.0038200608,train
-10000010260454,0,0,0.00015303967,train
-10000010260455,0,0,0.00013524182,train
-10000010260460,0,0,0.00048765348,train
-10000010260463,0,0,0.4406341,train
-10000010260467,0,0,3.1027615e-05,train
-10000010260471,0,0,0.09566118,train
-10000010260478,0,0,0.0018426523,train
-10000010260479,0,0,9.5932206e-05,train
-10000010260483,0,0,0.00025772615,train
-10000010260482,0,0,0.008592506,test
-10000010260489,0,0,0.0031424146,train
-10000010260495,1,1,0.9624928,train
-10000010260504,0,0,0.005566434,train
-10000010260509,0,0,0.00027590027,train
-10000010260516,1,1,0.9705809,train
-10000010260518,0,0,0.00014321452,train
-10000010260524,0,0,0.19809955,train
-10000010260526,0,0,0.0018800049,train
-10000010260528,0,0,0.023057492,train
-10000010260532,0,0,0.0030681286,train
-10000010260533,0,0,0.0010328743,train
-10000010260535,0,0,0.00024799636,train
-10000010260545,0,0,0.00016774437,train
-10000010260549,0,0,0.004099357,train
-10000010260557,0,0,7.057039e-05,train
-10000010260558,0,0,5.7172274e-05,train
-10000010260561,0,0,0.008486607,train
-10000010260562,0,0,2.848429e-05,train
-10000010260563,0,0,0.21554594,train
-10000010260572,0,0,0.0023284003,train
-10000010260574,0,0,0.02411082,train
-10000010260575,0,1,0.7563362,train
-10000010260577,0,0,5.506401e-05,train
-10000010260584,0,0,3.57186e-05,train
-10000010260588,0,0,3.2839525e-05,train
-10000010260593,0,1,0.73414755,train
-10000010260594,0,0,0.00011478047,train
-10000010260612,0,0,0.00010440112,train
-10000010260613,1,1,0.95000225,train
-10000010260620,0,0,0.0020522939,train
-10000010260621,0,0,3.7724556e-05,train
-10000010260623,0,0,3.6073237e-05,train
-10000010260634,0,0,0.008809277,train
-10000010260649,0,0,0.0014115067,train
-10000010260655,0,0,0.05675021,train
-10000010260658,0,0,0.011561805,train
-10000010260662,0,0,0.032990832,train
-10000010260665,0,0,8.952315e-05,train
-10000010260668,0,0,9.8088836e-05,test
-10000010260669,0,0,0.0035498634,train
-10000010260670,1,1,0.9837194,train
-10000010260671,1,1,0.972021,test
-10000010260672,1,1,0.72110826,test
-10000010260674,0,0,0.20436068,train
-10000010260680,0,0,0.00014378525,train
-10000010260683,0,0,8.628553e-05,train
-10000010260687,0,0,0.0009969353,train
-10000010260694,0,0,0.0002548166,train
-10000010260697,0,0,0.08457899,train
-10000010260699,0,0,0.00037827351,train
-10000010260701,0,0,0.0043847696,train
-10000010260703,0,0,3.6386053e-05,train
-10000010260712,0,0,0.0021179577,train
-10000010260728,0,0,0.0006854116,train
-10000010260729,0,0,0.40074095,train
-10000010260730,0,0,4.072144e-05,train
-10000010260734,0,0,5.437045e-05,test
-10000010260738,0,0,0.00012610499,train
-10000010260739,0,0,6.3456624e-05,train
-10000010260748,0,0,5.169084e-05,train
-10000010260753,1,1,0.9585507,test
-10000010260755,0,0,0.002963457,train
-10000010260757,0,0,5.442819e-05,train
-10000010260759,0,0,5.503955e-05,train
-10000010260763,0,0,0.00010440112,train
-10000010260764,0,0,0.009371123,train
-10000010260773,0,0,0.00024928837,train
-10000010260780,0,0,0.094097614,test
-10000010260786,0,0,0.018010588,train
-10000010260788,0,0,0.004695225,train
-10000010260790,0,0,6.572416e-05,train
-10000010260800,0,0,0.00011351698,train
-10000010260802,0,0,0.00032116423,train
-10000010260803,0,0,0.2398116,train
-10000010260807,0,0,0.00014254829,train
-10000010260813,0,1,0.85993737,test
-10000010260822,1,1,0.9414453,test
-10000010260827,0,0,0.30242744,train
-10000010260833,0,0,6.111104e-05,train
-10000010260837,0,0,0.00016523442,test
-10000010260838,0,0,0.0005899014,train
-10000010260840,0,0,0.007779193,train
-10000010260842,0,1,0.97646266,test
-10000010260844,0,0,7.8537356e-05,train
-10000010260849,0,0,0.0031318911,train
-10000010260851,0,0,0.016596157,train
-10000010260852,0,0,0.000174306,train
-10000010260853,0,0,0.00663352,train
-10000010260854,0,0,0.033975605,train
-10000010260855,0,0,0.00016812194,train
-10000010260856,1,1,0.9961582,train
-10000010260857,1,1,0.9932973,test
-10000010260860,0,0,2.5811592e-05,train
-10000010260870,0,0,2.286373e-05,test
-10000010260872,1,1,0.82048106,train
-10000010260875,0,0,0.00016822264,train
-10000010260880,0,1,0.59370184,test
-10000010260881,0,0,0.0022413011,train
-10000010260885,1,1,0.96931714,train
-10000010260887,0,0,0.00018895467,train
-10000010260890,0,0,0.00012299845,train
-10000010260892,0,0,0.00023696512,train
-10000010260896,1,1,0.78299534,test
-10000010260897,0,0,0.0001547644,test
-10000010260901,0,0,7.240906e-05,train
-10000010260902,0,1,0.9341007,train
-10000010260905,0,0,0.004283227,train
-10000010260906,0,0,0.24679369,train
-10000010260909,0,0,7.7959005e-05,train
-10000010260914,0,0,0.0007209355,train
-10000010260917,0,0,3.3844855e-05,train
-10000010260919,0,0,5.956459e-05,train
-10000010260916,0,0,4.5396482e-05,train
-10000010260921,0,0,7.325952e-05,train
-10000010260923,0,0,2.4268536e-05,train
-10000010260924,0,0,0.00019233768,train
-10000010260926,0,0,7.44307e-05,train
-10000010260934,0,0,0.00059219357,train
-10000010260939,0,0,4.2961983e-05,train
-10000010260941,0,0,0.00010990569,test
-10000010260949,0,0,4.5469053e-05,train
-10000010260954,0,0,2.4156157e-05,train
-10000010260958,0,0,0.00015831632,train
-10000010260959,0,0,7.985929e-05,train
-10000010260961,0,0,0.230467,train
-10000010260962,0,0,0.00050452276,train
-10000010260965,0,0,8.286307e-05,train
-10000010260966,0,0,0.00062855,train
-10000010260970,0,0,0.0103816,train
-10000010260972,0,0,5.7878384e-05,train
-10000010260973,1,1,0.93037564,train
-10000010260974,1,0,0.023901436,test
-10000010260977,0,0,0.019905845,test
-10000010260979,0,0,0.10411021,test
-10000010260981,0,0,9.745383e-05,test
-10000010260982,0,1,0.83875585,train
-10000010260983,1,1,0.94366926,train
-10000010260984,0,0,0.051591393,test
-10000010261002,0,0,5.9955415e-05,train
-10000010261000,0,0,4.962577e-05,train
-10000010261015,0,0,0.00017171705,train
-10000010261017,0,0,0.037569966,train
-10000010261018,0,0,7.407108e-05,train
-10000010261024,0,0,0.000103195656,train
-10000010261030,0,0,8.3809464e-05,train
-10000010261036,0,0,0.00017291844,train
-10000010261038,0,0,5.247948e-05,test
-10000010261046,0,0,0.011695413,train
-10000010261047,0,0,0.0022023765,test
-10000010261050,0,0,0.00021772723,train
-10000010261053,0,0,0.00017539551,train
-10000010261056,0,0,6.547881e-05,train
-10000010261071,0,0,7.2169365e-05,train
-10000010261073,0,0,2.1932292e-05,train
-10000010261081,0,0,0.015477809,train
-10000010261093,0,0,0.0010845637,train
-10000010261099,0,0,0.007083525,train
-10000010261100,1,1,0.8473314,train
-10000010261102,0,0,0.019060263,train
-10000010261107,0,0,3.2570242e-05,train
-10000010261109,0,0,5.411884e-05,train
-10000010261110,0,0,0.00012901364,train
-10000010261111,0,0,0.0073459274,test
-10000010261112,0,0,4.1868596e-05,train
-10000010261114,1,1,0.7894445,train
-10000010261118,0,0,6.245674e-05,train
-10000010261119,0,0,0.020391572,train
-10000010261124,0,0,0.00024074317,train
-10000010261126,0,0,3.0305588e-05,train
-10000010261130,1,1,0.98014337,train
-10000010261135,1,1,0.96731144,train
-10000010261139,1,1,0.9869567,train
-10000010261141,0,0,0.00012091834,train
-10000010261149,1,1,0.8839448,train
-10000010261151,0,0,0.008726509,train
-10000010261152,0,0,0.23273706,train
-10000010261153,0,0,1.0523941e-05,train
-10000010261155,0,0,0.06829811,train
-10000010261159,0,0,0.023276204,train
-10000010261162,0,0,0.0428246,train
-10000010261163,0,1,0.8700421,test
-10000010261164,0,0,0.011608682,train
-10000010261165,0,0,7.0932634e-05,test
-10000010261170,0,0,5.046788e-05,test
-10000010261172,0,0,0.0006011248,train
-10000010261184,0,0,0.00019600577,test
-10000010261177,0,0,0.0037579425,test
-10000010261180,0,0,0.32070062,train
-10000010261179,0,0,0.004199537,train
-10000010261189,0,0,2.0980695e-05,train
-10000010261196,0,0,0.02516924,train
-10000010261195,0,0,6.475262e-05,train
-10000010261202,0,0,0.009760182,train
-10000010261204,0,0,6.4994194e-05,test
-10000010261213,0,0,0.00014858891,train
-10000010261215,1,1,0.7493995,train
-10000010261217,0,0,0.049116734,train
-10000010261216,1,1,0.9809868,train
-10000010261218,0,0,0.17730168,train
-10000010261224,0,0,0.00013323757,test
-10000010261225,0,0,0.10455928,train
-10000010261226,0,0,0.012983409,train
-10000010261235,0,0,0.00017907577,train
-10000010261243,0,0,0.00010740189,train
-10000010261248,0,0,0.00011067542,train
-10000010261249,0,0,0.006483544,train
-10000010261251,1,1,0.98878515,train
-10000010261253,0,0,0.00015320262,train
-10000010261255,0,0,0.0003102113,train
-10000010261260,1,1,0.95658886,train
-10000010261262,0,0,4.5345125e-05,train
-10000010261265,0,0,3.361583e-05,train
-10000010261269,0,0,0.000109941335,train
-10000010261272,0,0,0.00026961844,test
-10000010261273,0,0,0.003452941,train
-10000010261279,0,0,5.965702e-05,train
-10000010261284,0,0,0.41386527,train
-10000010261288,0,0,0.016159384,train
-10000010261290,0,0,0.0005893931,train
-10000010261292,0,0,2.6521077e-05,test
-10000010261299,0,0,0.014498075,test
-10000010261307,0,0,0.00020813497,test
-10000010261310,1,1,0.91358393,train
-10000010261314,0,0,0.02513016,train
-10000010261318,0,0,0.00016380173,train
-10000010261322,0,0,0.00021260479,train
-10000010261326,0,0,0.4535612,train
-10000010261336,0,0,0.004063969,train
-10000010261337,0,0,8.664849e-05,train
-10000010261344,0,0,0.011409773,train
-10000010261350,0,0,0.00015307382,train
-10000010261351,0,0,0.05165953,train
-10000010261353,0,0,4.88816e-05,train
-10000010261354,0,0,0.00013535483,train
-10000010261356,0,0,0.008849261,train
-10000010261357,0,0,4.923833e-05,train
-10000010261359,0,0,0.027976803,test
-10000010261362,0,0,0.0016957434,train
-10000010261367,0,0,0.11477951,train
-10000010261373,0,0,3.594659e-05,train
-10000010261379,0,0,0.003827015,train
-10000010261378,0,0,4.044079e-05,train
-10000010261381,0,0,0.025223482,test
-10000010261382,0,0,5.6118784e-05,train
-10000010261389,0,0,0.26278797,train
-10000010261392,0,0,0.0008668111,train
-10000010261396,0,0,2.787831e-05,train
-10000010261399,0,0,0.20185009,train
-10000010261403,0,0,0.00019836986,test
-10000010261429,1,1,0.9982413,train
-10000010261431,0,0,0.00019782134,train
-10000010261434,0,0,2.774808e-05,test
-10000010261436,0,0,0.00017936183,train
-10000010261444,0,0,2.6065385e-05,test
-10000010261460,0,0,8.498802e-05,test
-10000010261464,0,0,0.00011648478,train
-10000010261467,0,0,0.007919956,train
-10000010261471,0,0,0.0035470459,test
-10000010261472,0,0,4.2364936e-05,train
-10000010261474,0,0,0.006540154,train
-10000010261475,0,0,7.462822e-05,train
-10000010261476,0,0,9.68801e-05,train
-10000010261482,0,0,0.0033334577,train
-10000010261485,0,0,1.9429297e-05,test
-10000010261493,0,0,0.004147382,test
-10000010261498,0,0,6.547344e-05,train
-10000010261499,0,0,0.00082828035,test
-10000010261501,0,0,0.0032612588,train
-10000010261502,0,0,0.0012143268,train
-10000010261507,0,0,0.001600258,train
-10000010261510,0,0,0.000136364,train
-10000010261512,0,0,0.04193516,train
-10000010261516,0,0,9.6109754e-05,train
-10000010261524,1,1,0.65729254,test
-10000010261530,0,0,0.44516352,train
-10000010261531,0,0,0.0020131979,train
-10000010261533,0,0,0.0009990233,train
-10000010261535,0,0,0.0042061666,train
-10000010261540,0,0,0.00027511932,train
-10000010261542,1,1,0.72208196,train
-10000010261544,0,0,4.9208946e-05,train
-10000010261552,0,0,0.11146791,train
-10000010261556,0,0,8.3716004e-05,train
-10000010261557,0,0,0.004016454,test
-10000010261559,0,0,0.029539425,test
-10000010261560,0,0,0.019915842,train
-10000010261562,0,0,0.06439428,train
-10000010261563,0,0,3.1016254e-05,train
-10000010261572,0,0,0.00029558968,test
-10000010261574,0,0,8.8056964e-05,train
-10000010261577,0,0,0.093926914,train
-10000010261584,0,0,0.0001388486,train
-10000010261585,0,0,0.00015037014,train
-10000010261591,0,0,0.00052033894,test
-10000010261595,0,0,0.0039218212,train
-10000010261597,0,0,0.0005622853,train
-10000010261598,0,0,0.00035110154,train
-10000010261601,0,0,0.000111167574,train
-10000010261602,0,0,0.27711654,test
-10000010261605,0,1,0.685084,test
-10000010261609,0,0,0.04951755,test
-10000010261610,0,0,0.009207404,train
-10000010261624,0,0,3.531174e-05,test
-10000010261625,0,0,0.011240638,train
-10000010261628,0,0,5.5367094e-05,train
-10000010261633,1,1,0.95531046,train
-10000010261637,0,1,0.75327057,test
-10000010261639,0,0,0.008412966,test
-10000010261645,0,0,0.058430664,test
-10000010261646,0,1,0.78521967,train
-10000010261647,0,0,0.00014687415,train
-10000010261654,0,0,4.3715063e-05,train
-10000010261656,0,0,3.441954e-05,train
-10000010261666,0,1,0.5906493,train
-10000010261671,0,0,0.2471562,test
-10000010261673,0,0,0.00012049983,train
-10000010261678,0,0,0.41569644,train
-10000010261684,0,0,6.547881e-05,test
-10000010261685,0,0,0.00011958228,train
-10000010261686,0,0,2.2785824e-05,train
-10000010261689,0,0,7.6914504e-05,train
-10000010261690,0,0,0.00014614589,train
-10000010261699,0,0,0.0006217699,train
-10000010261712,0,0,0.004291267,train
-10000010261724,0,0,0.04114196,train
-10000010261738,0,0,0.00053603796,train
-10000010261745,0,0,9.785518e-05,train
-10000010261748,0,0,0.22989446,train
-10000010261755,0,0,0.30930972,test
-10000010261753,0,0,0.0049911425,train
-10000010261769,0,0,6.757188e-05,train
-10000010261774,0,0,3.4329787e-05,train
-10000010261777,1,1,0.9099786,train
-10000010261778,0,0,7.771177e-05,train
-10000010261786,0,0,5.270618e-05,train
-10000010261788,0,0,0.000106126856,train
-10000010261792,0,0,3.0643547e-05,train
-10000010261793,0,0,4.6026027e-05,test
-10000010261802,0,0,0.07652669,train
-10000010261803,0,0,4.9241808e-05,train
-10000010261804,0,0,0.00041992142,train
-10000010261807,0,0,0.026194246,test
-10000010261809,0,0,0.00015334057,train
-10000010261812,0,0,0.00010635461,train
-10000010261822,0,0,0.0006590095,test
-10000010261823,0,1,0.7627469,train
-10000010261824,0,0,6.234112e-05,test
-10000010261829,0,0,3.385525e-05,train
-10000010261830,1,1,0.85262644,train
-10000010261833,0,0,6.826814e-05,train
-10000010261836,0,0,0.00021548211,train
-10000010261837,0,0,0.0005194026,train
-10000010261847,0,0,4.8729264e-05,train
-10000010261853,0,0,5.536989e-05,train
-10000010261860,0,0,0.0019506634,train
-10000010261862,0,0,4.349231e-05,train
-10000010261863,1,1,0.96178895,train
-10000010261871,0,0,0.00015847942,test
-10000010261887,1,1,0.93713665,train
-10000010261892,0,0,0.05492334,test
-10000010261895,0,0,4.2012343e-05,train
-10000010261896,0,0,4.1284657e-05,train
-10000010261907,1,1,0.9981654,train
-10000010261909,1,1,0.9525347,train
-10000010261919,0,0,0.00014156166,train
-10000010261921,0,0,5.7942056e-05,train
-10000010261923,0,0,4.5720502e-05,train
-10000010261925,0,0,4.5655757e-05,train
-10000010261926,0,0,0.0016421606,train
-10000010261929,0,0,0.00013162613,train
-10000010261931,0,0,0.0009278123,train
-10000010261933,0,0,0.08857431,train
-10000010261949,0,0,0.047881547,train
-10000010261952,0,0,0.00011659035,train
-10000010261953,1,1,0.8636642,train
-10000010261955,0,0,7.4528434e-05,train
-10000010261957,0,0,0.030816592,train
-10000010261958,0,0,0.00018538546,train
-10000010261961,0,0,8.316008e-05,train
-10000010261968,0,0,0.0001180819,train
-10000010261974,0,0,0.00024404032,train
-10000010261984,0,0,0.00685626,test
-10000010261989,1,1,0.9948822,train
-10000010261990,0,0,0.00028740926,train
-10000010261991,0,0,0.40791202,train
-10000010261992,0,0,0.021582358,train
-10000010261996,0,0,6.826814e-05,test
-10000010261998,0,0,0.00082892546,train
-10000010261997,0,1,0.55667657,test
-10000010262012,0,0,0.0015564308,train
-10000010262015,0,0,6.961319e-05,test
-10000010262016,0,0,0.00022059963,train
-10000010262017,1,1,0.99690527,test
-10000010262018,0,0,0.0007165082,train
-10000010262023,0,0,0.0001257486,train
-10000010262025,0,1,0.5718832,train
-10000010262030,0,0,4.56474e-05,train
-10000010262031,0,0,3.2054115e-05,train
-10000010262034,0,0,6.897717e-05,train
-10000010262035,0,0,0.00030505972,train
-10000010262049,0,0,0.0005329324,train
-10000010262051,0,0,0.30563423,train
-10000010262062,0,0,0.00792313,train
-10000010262063,0,0,0.00030615026,train
-10000010262067,1,1,0.9635485,train
-10000010262078,0,0,0.2104613,train
-10000010262083,1,1,0.7482956,train
-10000010262087,0,0,5.1979125e-05,train
-10000010262090,1,1,0.711559,train
-10000010262096,0,0,4.435985e-05,train
-10000010262100,0,0,8.17722e-05,train
-10000010262102,0,1,0.7686224,train
-10000010262103,0,0,3.0633117e-05,train
-10000010262104,0,0,0.0764309,train
-10000010262106,0,0,0.020957593,train
-10000010262107,0,0,9.1637456e-05,train
-10000010262112,0,0,0.00013580149,train
-10000010262115,0,0,0.003688794,train
-10000010262116,0,0,1.7477872e-05,train
-10000010262129,0,0,0.2466757,train
-10000010262131,0,0,2.0281032e-05,train
-10000010262133,0,0,2.168507e-05,train
-10000010262136,0,0,0.07374148,train
-10000010262138,0,0,3.762037e-05,train
-10000010262142,0,0,0.21139528,train
-10000010262147,0,0,1.1668774e-05,test
-10000010262152,0,0,0.17202486,train
-10000010262156,0,0,0.005866982,test
-10000010262159,0,0,6.396905e-05,train
-10000010262169,0,0,9.299435e-05,train
-10000010262176,0,0,3.8184808e-05,train
-10000010262177,0,0,0.0007878206,train
-10000010262178,0,0,4.1869276e-05,train
-10000010262179,0,0,0.033552654,train
-10000010262181,0,0,5.8063357e-05,train
-10000010262180,0,0,0.016523117,test
-10000010262182,0,0,1.2206671e-05,train
-10000010262183,0,0,0.00018777666,train
-10000010262186,0,0,0.0058347667,train
-10000010262188,0,0,0.05894657,test
-10000010262191,0,0,0.000114894036,train
-10000010262192,0,0,0.004430022,train
-10000010262200,0,1,0.83705384,train
-10000010262204,0,0,0.019037966,test
-10000010262213,0,1,0.8358291,train
-10000010262215,0,0,0.00092812796,train
-10000010262216,0,0,0.0004097487,train
-10000010262219,0,0,0.00018820255,train
-10000010262221,0,1,0.77103686,train
-10000010262223,0,0,6.436691e-05,test
-10000010262224,0,0,7.124732e-05,train
-10000010262226,0,0,0.00048866344,train
-10000010262234,0,0,0.0002172998,test
-10000010262240,0,0,0.00010984482,train
-10000010262250,0,0,0.00017383213,train
-10000010262251,0,0,9.467779e-05,train
-10000010262254,0,0,0.00028477114,test
-10000010262261,1,1,0.8166035,train
-10000010262270,0,0,0.019175833,test
-10000010262273,0,0,0.17425312,train
-10000010262275,0,0,0.005103536,train
-10000010262282,0,1,0.7070808,test
-10000010262285,1,1,0.75465983,train
-10000010262288,0,0,0.0028337394,test
-10000010262290,0,0,0.4065518,train
-10000010262294,0,0,0.0033693719,train
-10000010262293,0,0,3.2340835e-05,train
-10000010262295,0,0,0.006982335,train
-10000010262296,0,0,0.0045071067,train
-10000010262298,0,1,0.59196633,test
-10000010262302,0,0,5.233675e-05,train
-10000010262303,0,0,0.06611018,train
-10000010262305,0,0,0.022269376,train
-10000010262308,1,1,0.9956031,train
-10000010262312,0,0,0.019257292,test
-10000010262313,1,1,0.87408066,train
-10000010262314,0,0,5.9154758e-05,train
-10000010262322,0,0,6.875435e-05,train
-10000010262324,0,0,4.044079e-05,test
-10000010262328,0,0,0.18947351,train
-10000010262335,0,0,4.9017108e-05,test
-10000010262337,0,0,0.01690442,train
-10000010262339,0,0,0.00025229855,train
-10000010262343,0,0,5.064665e-05,train
-10000010262344,0,0,2.537063e-05,train
-10000010262347,0,0,0.0001678775,test
-10000010262353,0,0,0.0001197572,train
-10000010262354,0,0,7.1195704e-05,train
-10000010262367,0,0,0.00014056118,train
-10000010262375,0,0,0.0005166464,test
-10000010262377,0,0,7.3201845e-05,test
-10000010262378,0,1,0.5219197,test
-10000010262379,0,0,0.000117838725,train
-10000010262380,0,0,0.057760455,test
-10000010262385,0,0,0.013667026,test
-10000010262389,0,0,3.7362588e-05,train
-10000010262390,0,0,0.004735223,train
-10000010262391,0,0,5.363491e-05,train
-10000010262392,1,1,0.99205106,train
-10000010262394,0,0,0.08848276,train
-10000010262395,0,0,0.003209731,train
-10000010262396,1,1,0.970675,train
-10000010262397,1,1,0.7781827,test
-10000010262398,0,0,5.7317862e-05,test
-10000010262399,0,0,0.00018674872,train
-10000010262400,0,0,0.000111004876,test
-10000010262416,0,0,0.13198045,train
-10000010262423,0,0,0.00011873871,train
-10000010262429,0,0,0.00028232354,train
-10000010262435,0,0,0.0066770827,train
-10000010262440,0,0,0.19187061,train
-10000010262446,0,0,0.322109,train
-10000010262449,0,0,0.009976102,train
-10000010262460,0,0,4.5789093e-05,train
-10000010262462,0,0,0.00037778646,train
-10000010262472,0,0,5.3818076e-05,train
-10000010262476,0,0,3.920057e-05,train
-10000010262477,0,0,5.2732525e-05,train
-10000010262479,0,0,0.24648377,train
-10000010262480,0,0,3.6115023e-05,train
-10000010262484,0,0,0.02441514,train
-10000010262489,0,0,0.00036945118,train
-10000010262490,0,0,9.2483366e-05,train
-10000010262491,0,0,0.0003729074,train
-10000010262493,0,0,3.2135038e-05,train
-10000010262495,1,1,0.9969464,test
-10000010262497,0,0,4.720983e-05,train
-10000010262498,0,0,0.0002612897,train
-10000010262499,0,0,0.062212277,test
-10000010262501,0,0,2.170638e-05,train
-10000010262503,0,0,3.297176e-05,train
-10000010262504,0,0,0.15949261,train
-10000010262512,0,0,0.0030269441,train
-10000010262514,1,1,0.97251093,train
-10000010262516,0,0,2.0266434e-05,train
-10000010262517,0,0,0.00035380284,train
-10000010262523,1,1,0.75552297,test
-10000010262527,1,1,0.9992067,train
-10000010262530,1,1,0.98699594,train
-10000010262537,0,0,0.35384393,train
-10000010262541,0,0,2.660188e-05,test
-10000010262543,1,1,0.9870913,train
-10000010262544,0,0,8.999331e-05,train
-10000010262545,1,1,0.8689816,train
-10000010262548,1,1,0.9711481,train
-10000010262550,1,1,0.9716709,train
-10000010262552,0,0,0.1817852,train
-10000010262553,1,1,0.9938431,train
-10000010262558,0,0,0.0024000886,train
-10000010262563,0,0,2.1721497e-05,test
-10000010262573,0,0,7.409956e-05,train
-10000010262576,0,0,7.392974e-05,test
-10000010262577,0,0,0.00010495271,train
-10000010262579,0,0,4.8549668e-05,train
-10000010262580,1,1,0.9498956,train
-10000010262581,0,0,0.00013519295,train
-10000010262585,1,1,0.6726136,train
-10000010262590,0,0,0.001900523,train
-10000010262589,0,0,0.014130734,test
-10000010262597,0,0,0.069769315,train
-10000010262600,0,0,0.03912755,test
-10000010262609,0,0,0.06858979,train
-10000010262614,0,0,0.0023262426,train
-10000010262616,1,0,0.034411278,test
-10000010262618,0,0,0.0065649864,train
-10000010262619,0,0,0.11041981,train
-10000010262622,1,1,0.99874437,train
-10000010262625,0,0,0.00016921492,train
-10000010262626,0,0,0.29164112,train
-10000010262628,0,0,0.00052695605,train
-10000010262629,0,0,0.044269014,train
-10000010262630,0,0,0.45448506,test
-10000010262643,0,0,0.00020789717,train
-10000010262650,0,0,0.0001910779,train
-10000010262651,0,0,1.2206671e-05,test
-10000010262658,0,0,0.0003268967,train
-10000010262662,0,0,2.0705165e-05,train
-10000010262666,0,1,0.8431115,train
-10000010262670,1,1,0.9981875,test
-10000010262673,0,0,2.1721497e-05,train
-10000010262675,0,0,0.02609723,train
-10000010262676,0,0,5.3592987e-05,train
-10000010262677,0,0,0.4213708,train
-10000010262696,0,0,0.0037467838,train
-10000010262700,0,0,0.00011751554,train
-10000010262704,1,1,0.9984004,train
-10000010262706,0,0,1.8905523e-05,test
-10000010262708,0,0,0.015579894,test
-10000010262716,1,1,0.8234262,test
-10000010262726,0,0,0.00040913705,train
-10000010262728,0,0,1.6196493e-05,train
-10000010262732,0,0,6.230915e-05,train
-10000010262738,0,0,0.00032085454,train
-10000010262749,0,0,0.0008172387,train
-10000010262753,0,0,8.7957436e-05,train
-10000010262765,0,0,0.0009922207,train
-10000010262767,0,0,3.1321102e-05,train
-10000010262768,0,0,5.5222823e-05,train
-10000010262770,0,0,0.00023910597,train
-10000010262771,0,0,8.390222e-05,train
-10000010262776,1,1,0.9986148,train
-10000010262780,1,1,0.952245,train
-10000010262782,0,0,0.00025528762,train
-10000010262784,0,0,0.00013967576,test
-10000010262788,0,0,5.9602145e-05,train
-10000010262789,0,0,0.0003176941,train
-10000010262794,1,1,0.9986527,train
-10000010262795,0,0,0.07180886,train
-10000010262797,0,0,0.3800707,train
-10000010262805,0,0,0.00026904812,train
-10000010262806,0,0,3.6896974e-05,train
-10000010262812,0,0,0.00016874299,train
-10000010262818,0,0,6.4687934e-05,train
-10000010262822,0,0,8.2261104e-05,train
-10000010262826,0,0,6.529051e-05,train
-10000010262832,0,0,0.0004992083,test
-10000010262847,0,0,0.0034970902,train
-10000010262857,0,0,0.007574122,train
-10000010262858,0,0,3.0191532e-05,test
-10000010262859,0,0,4.9283426e-05,test
-10000010262863,0,0,2.0980695e-05,train
-10000010262867,0,1,0.6228788,train
-10000010262874,0,0,0.00025149088,train
-10000010262875,0,0,0.0005437197,train
-10000010262879,0,0,0.00091014325,train
-10000010262881,0,0,0.0009698743,train
-10000010262882,0,0,0.0015019716,train
-10000010262887,0,0,0.00037541264,train
-10000010262891,0,0,0.04314569,test
-10000010262892,1,1,0.97726256,train
-10000010262893,0,0,0.000371398,test
-10000010262901,0,0,1.3566683e-05,test
-10000010262910,0,0,0.0035844557,train
-10000010262914,0,0,3.1378204e-05,train
-10000010262917,0,0,3.8241655e-05,train
-10000010262926,0,0,8.628158e-05,train
-10000010262928,0,0,0.00014867465,test
-10000010262931,0,0,4.854902e-05,test
-10000010262937,0,0,2.9694684e-05,train
-10000010262938,0,0,0.00014690931,train
-10000010262939,0,0,0.0013381349,train
-10000010262940,0,0,1.2206671e-05,train
-10000010262947,0,0,0.0011946623,test
-10000010262957,1,1,0.9705329,train
-10000010262972,0,0,2.4305478e-05,test
-10000010262975,0,0,0.000529432,train
-10000010262977,0,0,0.0118186325,test
-10000010262978,0,0,0.003522943,train
-10000010262980,0,0,7.613565e-05,test
-10000010262983,0,0,6.960675e-05,train
-10000010262984,1,1,0.9968771,train
-10000010262994,1,1,0.7273511,train
-10000010262998,0,0,5.9445763e-05,train
-10000010263001,0,0,0.06452334,train
-10000010263002,0,0,0.000103837476,test
-10000010263005,0,1,0.7711403,train
-10000010263008,0,0,0.0017794771,train
-10000010263014,0,0,0.036826998,train
-10000010263017,0,0,1.6067279e-05,test
-10000010263019,0,0,9.4722855e-05,train
-10000010263023,0,0,0.012938456,test
-10000010263026,0,0,0.00010544253,test
-10000010263027,0,0,0.054821122,test
-10000010263045,1,1,0.63578486,train
-10000010263047,0,0,0.00017178206,train
-10000010263048,0,0,0.00076105277,test
-10000010263055,0,0,0.37898368,train
-10000010263057,0,0,0.26836672,train
-10000010263058,0,0,6.547881e-05,train
-10000010263059,0,0,0.000114968236,train
-10000010263061,0,0,0.00023828303,train
-10000010263062,0,0,0.028111815,train
-10000010263064,0,1,0.53742546,train
-10000010263066,1,1,0.58275133,train
-10000010263069,0,0,2.3204775e-05,train
-10000010263070,1,1,0.9980292,train
-10000010263071,0,0,0.002968834,train
-10000010263073,1,1,0.87472653,train
-10000010263074,0,0,1.4392562e-05,train
-10000010263076,0,0,0.004210223,train
-10000010263089,0,0,0.00048163615,train
-10000010263095,0,0,0.016252313,train
-10000010263102,0,0,0.000202259,train
-10000010263111,0,0,6.873193e-05,train
-10000010263109,0,0,2.6065385e-05,train
-10000010263112,0,0,0.0032550879,test
-10000010263116,0,0,4.152302e-05,train
-10000010263117,0,0,0.001117994,train
-10000010263128,0,0,0.025190765,train
-10000010263131,0,0,0.00016325738,train
-10000010263137,0,0,0.0011486411,train
-10000010263147,0,0,5.5728247e-05,train
-10000010263151,0,0,0.025563244,train
-10000010263152,0,0,0.015536308,train
-10000010263156,0,0,0.09709447,test
-10000010263158,0,0,0.068607055,test
-10000010263159,0,0,0.010820582,train
-10000010263162,0,0,0.00031345684,train
-10000010263164,0,0,4.538869e-05,train
-10000010263171,0,1,0.5317976,train
-10000010263173,0,0,0.0037309546,train
-10000010263177,0,0,0.4352397,train
-10000010263178,0,0,9.394143e-05,train
-10000010263179,0,0,3.6386053e-05,test
-10000010263180,0,0,0.31103262,train
-10000010263189,0,0,6.053682e-05,train
-10000010263191,0,0,0.00068740913,test
-10000010263193,0,0,6.538571e-05,test
-10000010263197,0,0,0.00061228906,train
-10000010263198,0,0,0.028543644,test
-10000010263200,0,0,0.007210099,train
-10000010263201,0,0,0.08080943,train
-10000010263203,0,0,0.20878127,train
-10000010263209,0,0,4.1869276e-05,train
-10000010263214,0,0,0.0056664357,train
-10000010263219,0,1,0.87905496,test
-10000010263220,0,0,5.740336e-05,test
-10000010263223,0,0,0.01944193,test
-10000010263225,0,0,0.00011189449,train
-10000010263226,0,0,0.23425108,train
-10000010263227,1,1,0.8872327,train
-10000010263230,0,0,0.00014083365,train
-10000010263233,0,0,0.0001782334,train
-10000010263236,0,0,5.6056204e-05,train
-10000010263243,0,0,0.00075218466,test
-10000010263245,0,0,0.00041283155,test
-10000010263246,0,0,0.00028592598,train
-10000010263251,0,0,0.034799296,train
-10000010263252,0,0,4.6194877e-05,train
-10000010263261,0,0,0.00017992745,test
-10000010263264,0,0,0.3530813,test
-10000010263266,0,0,0.3262563,test
-10000010263267,0,0,0.004433984,train
-10000010263270,1,1,0.96041846,train
-10000010263283,0,0,6.053682e-05,train
-10000010263286,0,0,0.02909271,test
-10000010263288,0,0,0.00010923127,train
-10000010263289,0,0,0.0005311144,train
-10000010263295,0,0,0.010020101,train
-10000010263296,0,0,0.038883317,train
-10000010263297,0,0,8.513906e-05,test
-10000010263306,0,0,3.722801e-05,train
-10000010263313,0,0,9.538271e-05,train
-10000010263321,0,0,0.00014030086,train
-10000010263323,0,0,0.08380651,train
-10000010263324,0,0,0.00013890039,test
-10000010263328,0,0,0.038128562,train
-10000010263334,1,1,0.98602366,train
-10000010263337,0,0,0.00024068302,train
-10000010263338,0,0,7.116774e-05,train
-10000010263343,0,0,0.00044740393,test
-10000010263346,0,0,0.00032524415,train
-10000010263348,0,0,3.2135038e-05,test
-10000010263352,0,0,0.02354971,test
-10000010263353,0,0,0.09854205,train
-10000010263355,0,0,0.0011205843,train
-10000010263357,0,0,0.0027005496,train
-10000010263359,1,1,0.9802003,train
-10000010263368,1,1,0.86817294,train
-10000010263373,0,0,0.054991238,train
-10000010263374,0,0,2.1375079e-05,train
-10000010263376,1,1,0.9631038,train
-10000010263379,0,0,3.0291603e-05,train
-10000010263384,1,1,0.9845034,test
-10000010263386,0,0,0.00085104076,train
-10000010263389,0,0,0.0036268274,train
-10000010263391,0,0,0.0002442165,train
-10000010263392,0,0,0.0018685324,train
-10000010263394,0,0,1.6529075e-05,train
-10000010263397,0,0,0.00022011073,train
-10000010263404,0,0,0.00041620157,train
-10000010263405,0,0,0.0015289264,train
-10000010263420,0,0,2.4156157e-05,train
-10000010263413,0,0,7.122545e-05,train
-10000010263409,0,0,0.34714514,train
-10000010263419,0,0,0.00020503113,train
-10000010263445,0,0,3.1268904e-05,train
-10000010263447,0,0,0.0001894264,train
-10000010263453,0,0,0.0065345396,train
-10000010263455,0,0,0.21816427,train
-10000010263454,0,0,0.00045573537,test
-10000010263459,0,0,9.475572e-06,train
-10000010263462,0,0,0.0016633042,train
-10000010263464,0,0,0.00013128918,train
-10000010263468,0,0,3.6073237e-05,train
-10000010263473,0,0,2.3830878e-05,train
-10000010263475,0,0,7.116774e-05,train
-10000010263476,1,1,0.9765301,train
-10000010263478,0,0,0.42348158,train
-10000010263480,0,0,0.000114146766,train
-10000010263483,0,1,0.57763565,train
-10000010263484,0,0,6.547881e-05,train
-10000010263486,0,0,0.0014181958,test
-10000010263501,0,0,0.000709781,train
-10000010263506,0,0,3.8964095e-05,train
-10000010263508,0,0,8.101792e-05,train
-10000010263509,0,0,0.00015079342,train
-10000010263512,0,0,0.00011370906,train
-10000010263516,0,0,0.0006240538,test
-10000010263525,0,0,0.0018971206,train
-10000010263527,0,0,0.012983102,train
-10000010263530,0,0,3.1228225e-05,test
-10000010263532,0,0,0.41810775,train
-10000010263536,0,0,0.02181511,train
-10000010263542,0,0,0.0072191493,test
-10000010263545,1,1,0.985803,train
-10000010263546,0,0,7.64646e-05,train
-10000010263548,0,0,0.00037265598,train
-10000010263553,0,0,3.0743155e-05,train
-10000010263556,0,0,0.0062683285,train
-10000010263559,0,1,0.6962036,train
-10000010263562,0,0,0.00015877241,train
-10000010263563,0,0,5.6512803e-05,train
-10000010263571,0,0,2.7751941e-05,test
-10000010263581,0,0,0.0012788872,train
-10000010263583,0,0,0.33751622,train
-10000010263584,0,0,0.014333857,train
-10000010263587,0,0,9.482805e-05,train
-10000010263592,0,0,0.000105485175,test
-10000010263594,0,0,0.00016463836,train
-10000010263600,0,0,0.0002319751,test
-10000010263613,0,0,0.03831236,train
-10000010263628,0,0,6.054086e-05,train
-10000010263629,0,0,0.0015851385,train
-10000010263633,0,0,0.00019938548,train
-10000010263635,0,0,4.0281753e-05,train
-10000010263638,0,0,2.619921e-05,train
-10000010263644,0,0,2.4228e-05,test
-10000010263651,0,0,0.0020419834,test
-10000010263657,0,0,0.00020351,test
-10000010263661,0,0,0.00014864857,train
-10000010263666,1,1,0.9903992,test
-10000010263667,1,1,0.9929629,train
-10000010263669,0,0,5.8325073e-05,train
-10000010263671,0,0,0.00011119388,train
-10000010263672,1,1,0.95440084,train
-10000010263673,0,0,0.0001330522,test
-10000010263681,0,0,6.614884e-05,train
-10000010263682,0,0,0.007746911,test
-10000010263696,0,0,6.435292e-05,train
-10000010263697,0,0,6.792728e-05,test
-10000010263698,0,0,9.0275746e-05,test
-10000010263707,0,0,2.848429e-05,train
-10000010263715,1,1,0.9970546,train
-10000010263720,0,0,0.00025570468,train
-10000010263721,0,0,0.0028679764,train
-10000010263727,0,0,0.00010650948,test
-10000010263735,0,1,0.6227579,train
-10000010263741,0,0,1.9475414e-05,train
-10000010263743,0,0,0.00011887092,train
-10000010263745,1,1,0.9590701,train
-10000010263748,0,0,3.6419897e-05,train
-10000010263758,0,0,0.00035471015,train
-10000010263761,0,0,3.7093556e-05,train
-10000010263769,0,0,4.8512826e-05,train
-10000010263770,0,1,0.5688567,train
-10000010263776,0,0,0.031126246,train
-10000010263779,0,0,4.9955528e-05,train
-10000010263789,0,0,0.030670786,train
-10000010263795,1,1,0.9075058,train
-10000010263797,0,0,0.00016684357,train
-10000010263798,0,0,0.0006153587,train
-10000010263804,1,1,0.9374609,test
-10000010263806,0,0,0.37360346,train
-10000010263816,0,0,0.018010259,test
-10000010263818,0,0,0.00013514076,train
-10000010263823,0,0,6.473237e-05,train
-10000010263830,0,0,0.009907999,train
-10000010263839,0,0,0.08740535,train
-10000010263842,0,0,0.020137843,train
-10000010263853,0,0,0.009802391,train
-10000010263856,0,0,0.40220052,train
-10000010263858,0,0,0.00024145255,test
-10000010263860,0,0,0.007270335,train
-10000010263890,0,0,6.245334e-05,test
-10000010263892,0,0,0.057034276,train
-10000010263894,0,0,0.16378357,test
-10000010263901,0,0,6.826814e-05,test
-10000010263903,0,0,0.00053726946,train
-10000010263904,1,1,0.98050743,train
-10000010263905,0,0,0.015369491,train
-10000010263908,0,0,0.00075498066,train
-10000010263912,1,1,0.99894685,train
-10000010263914,0,0,0.090092175,train
-10000010263915,0,0,0.0001000536,test
-10000010263917,0,0,0.0017207478,train
-10000010263921,0,1,0.8769394,test
-10000010263924,0,0,0.00031916375,train
-10000010263925,0,0,0.0001088585,train
-10000010263931,0,0,8.0943784e-05,test
-10000010263933,0,0,0.1263933,test
-10000010263940,0,0,0.00021833509,test
-10000010263945,0,0,0.027071048,train
-10000010263951,0,0,5.6301087e-05,train
-10000010263952,0,0,0.20962705,train
-10000010263956,0,0,2.848429e-05,train
-10000010263966,0,0,0.2467636,train
-10000010263972,0,0,0.000209371,train
-10000010263975,0,0,1.1029231e-05,train
-10000010263977,0,0,0.11936634,train
-10000010263981,0,0,0.00032304667,test
-10000010263988,0,0,1.763596e-05,train
-10000010263995,0,0,0.00020053668,train
-10000010263996,0,0,0.030002378,train
-10000010263999,0,0,2.2704744e-05,train
-10000010264005,0,0,0.00013580149,test
-10000010264006,0,0,0.0006366816,train
-10000010264008,0,0,0.00020578636,train
-10000010264010,0,0,0.0003204571,train
-10000010264014,0,0,0.020426689,train
-10000010264025,0,0,0.2424876,train
-10000010264026,1,1,0.96234465,train
-10000010264035,0,0,9.452822e-05,train
-10000010264040,0,0,1.9513227e-05,train
-10000010264041,0,0,2.819802e-05,train
-10000010264043,0,0,0.0002192118,train
-10000010264048,0,0,0.00045009222,train
-10000010264050,0,0,0.00012204651,train
-10000010264054,0,0,0.00032468184,train
-10000010264059,0,0,0.0064843763,train
-10000010264063,0,1,0.57839423,train
-10000010264064,0,0,0.00012520266,train
-10000010264075,1,1,0.91638404,train
-10000010264076,0,0,0.0634355,train
-10000010264077,0,0,0.0036076372,train
-10000010264078,0,0,0.105234526,test
-10000010264082,0,0,0.014670051,train
-10000010264084,0,0,0.0034144986,train
-10000010264086,0,0,0.00048764626,train
-10000010264090,0,0,0.00013959028,train
-10000010264091,0,0,3.622644e-05,train
-10000010264093,0,0,0.25601092,test
-10000010264100,0,0,4.6238772e-05,train
-10000010264105,0,0,0.0060016187,train
-10000010264111,0,0,0.0021070864,train
-10000010264116,0,0,8.885289e-05,train
-10000010264119,0,0,0.0002388535,train
-10000010264127,0,0,0.00011267966,train
-10000010264128,0,1,0.9674518,train
-10000010264129,1,1,0.9273931,train
-10000010264135,0,0,4.855263e-05,train
-10000010264136,1,1,0.9834948,train
-10000010264137,1,1,0.98370427,train
-10000010264139,0,0,0.000103864215,train
-10000010264140,0,0,6.1325176e-05,train
-10000010264141,0,0,0.0097984485,train
-10000010264143,1,1,0.9865802,train
-10000010264156,1,1,0.9759161,train
-10000010264159,1,1,0.6946065,train
-10000010264166,0,1,0.92801285,test
-10000010264176,0,0,4.6638488e-05,train
-10000010264179,1,1,0.93100995,train
-10000010264183,0,0,0.017115068,train
-10000010264197,0,0,0.00054313435,train
-10000010264199,1,1,0.9784612,train
-10000010264204,0,0,0.00962959,train
-10000010264205,0,0,6.826814e-05,train
-10000010264209,0,0,8.5108215e-05,test
-10000010264210,0,0,0.041209184,test
-10000010264211,0,0,0.00019477098,train
-10000010264215,0,0,0.022591917,train
-10000010264217,0,1,0.6025903,test
-10000010264219,0,0,0.0011958869,train
-10000010264228,0,0,0.17655802,train
-10000010264236,0,0,0.00932897,train
-10000010264234,0,0,0.09118293,train
-10000010264237,0,1,0.5623395,train
-10000010264241,0,0,3.2135038e-05,train
-10000010264243,0,0,3.384014e-05,train
-10000010264244,0,0,0.016902026,train
-10000010264245,0,0,0.3519261,train
-10000010264252,0,0,0.39515057,train
-10000010264259,0,0,0.0035114614,train
-10000010264263,0,0,0.000112964546,train
-10000010264271,0,0,0.00025481734,test
-10000010264273,0,0,5.8063357e-05,train
-10000010264277,0,0,0.000108164495,train
-10000010264289,0,0,3.5068675e-05,train
-10000010264296,0,0,0.016587047,train
-10000010264304,0,0,0.00010352772,train
-10000010264313,0,0,0.056888804,train
-10000010264315,1,1,0.9979036,train
-10000010264326,0,0,0.037366044,train
-10000010264337,0,0,9.842069e-05,test
-10000010264338,0,0,0.0010910487,train
-10000010264343,0,0,8.2920065e-05,train
-10000010264344,1,1,0.98333675,train
-10000010264347,0,0,0.00016428615,train
-10000010264350,0,0,0.00023964961,train
-10000010264349,1,1,0.96444696,train
-10000010264353,0,0,0.016926922,train
-10000010264355,0,0,0.00031393053,train
-10000010264361,0,0,0.04714341,train
-10000010264364,0,0,0.014530395,test
-10000010264367,0,0,8.896819e-05,train
-10000010264368,0,1,0.6449737,test
-10000010264372,0,0,6.166224e-05,train
-10000010264382,0,0,1.6763943e-05,train
-10000010264389,0,0,0.20441668,train
-10000010264398,0,0,7.730333e-05,test
-10000010264400,0,0,0.015755652,train
-10000010264403,0,0,0.04664593,train
-10000010264404,1,1,0.83654785,train
-10000010264407,0,0,0.00016720143,train
-10000010264414,0,0,5.8799542e-05,train
-10000010264416,0,0,2.6485388e-05,train
-10000010264419,0,0,0.41119933,train
-10000010264422,0,0,4.638518e-05,train
-10000010264423,0,0,0.11783412,train
-10000010264427,0,0,0.3325055,train
-10000010264435,0,0,0.06164204,train
-10000010264437,0,0,3.2135038e-05,train
-10000010264438,0,0,3.8393082e-05,train
-10000010264439,0,1,0.56381315,train
-10000010264443,0,0,0.053195734,train
-10000010264452,1,1,0.9848765,train
-10000010264456,0,0,6.1969484e-05,train
-10000010264460,0,0,4.6097008e-05,train
-10000010264463,0,0,0.0049033603,train
-10000010264483,0,0,2.4141948e-05,train
-10000010264485,0,0,0.00024497093,train
-10000010264487,0,0,0.0009178105,train
-10000010264488,0,0,0.2789856,train
-10000010264491,0,0,3.384014e-05,train
-10000010264494,0,1,0.55468035,train
-10000010264498,0,0,0.003426662,test
-10000010264499,0,0,0.0001586034,train
-10000010264500,0,0,5.711625e-05,test
-10000010264501,1,1,0.9922666,train
-10000010264505,0,0,0.00015381079,test
-10000010264506,0,0,0.010212466,train
-10000010264516,0,0,0.0003743942,train
-10000010264518,0,0,0.000310543,train
-10000010264519,1,1,0.9574265,train
-10000010264520,0,0,0.14823546,train
-10000010264525,0,0,0.0004226378,test
-10000010264526,0,0,1.5042512e-05,train
-10000010264531,0,0,0.011349086,train
-10000010264535,0,0,1.0523941e-05,train
-10000010264541,0,0,0.00010681705,test
-10000010264544,0,0,0.0061152703,train
-10000010264546,0,0,0.0025941741,train
-10000010264547,0,0,0.47503173,train
-10000010264548,0,0,0.006577646,train
-10000010264555,0,1,0.56756634,train
-10000010264556,1,1,0.90070194,train
-10000010264557,0,0,5.6786048e-05,train
-10000010264558,0,0,0.00847288,test
-10000010264559,0,0,3.21649e-05,train
-10000010264564,0,0,0.00014322571,train
-10000010264572,0,0,0.00016969546,train
-10000010264582,0,0,2.645313e-05,train
-10000010264583,0,0,5.8063357e-05,train
-10000010264585,0,0,0.0016890591,test
-10000010264588,0,0,3.1066786e-05,train
-10000010264590,0,0,0.00024854412,train
-10000010264589,0,0,0.00087164383,train
-10000010264591,0,0,0.012566936,train
-10000010264593,0,0,0.011907996,train
-10000010264598,0,0,0.055794146,train
-10000010264600,0,0,0.043831024,train
-10000010264602,0,0,0.015018549,train
-10000010264605,0,0,0.0013107256,train
-10000010264610,0,0,0.016336028,train
-10000010264614,0,0,0.008134659,train
-10000010264624,0,0,0.26007602,train
-10000010264629,0,0,0.024364475,test
-10000010264630,0,0,0.00011351698,test
-10000010264633,0,0,1.5042512e-05,train
-10000010264635,0,1,0.5485835,train
-10000010264638,0,0,0.009660809,train
-10000010264641,0,0,0.024897493,train
-10000010264650,0,0,0.17705688,test
-10000010264653,0,0,8.383671e-05,train
-10000010264657,0,0,0.00022668473,train
-10000010264658,0,1,0.809314,test
-10000010264661,0,0,9.6153926e-05,train
-10000010264662,1,1,0.94978744,test
-10000010264664,0,0,0.00053112145,train
-10000010264667,0,0,7.721374e-05,train
-10000010264668,0,0,6.826814e-05,train
-10000010264671,0,0,0.00023922315,test
-10000010264676,0,0,3.5466273e-05,train
-10000010264683,0,0,0.23967303,train
-10000010264686,0,0,6.547881e-05,train
-10000010264687,0,0,0.008444114,train
-10000010264699,0,0,1.800181e-05,train
-10000010264703,0,0,3.7724556e-05,train
-10000010264705,0,0,0.00013069401,train
-10000010264717,0,0,0.00025493154,train
-10000010264719,0,0,0.00035083236,test
-10000010264723,0,0,0.00012554709,test
-10000010264728,0,0,0.06283249,train
-10000010264730,0,0,4.637421e-05,train
-10000010264734,0,0,0.0051146997,train
-10000010264738,0,0,6.4414315e-05,train
-10000010264741,1,1,0.88940233,train
-10000010264742,0,1,0.9791266,test
-10000010264747,0,0,0.004184246,train
-10000010264749,0,0,4.101679e-05,test
-10000010264752,1,1,0.9888137,test
-10000010264754,1,1,0.9661251,train
-10000010264761,0,0,0.00013997496,train
-10000010264763,0,0,0.45021155,train
-10000010264769,0,0,0.00022673229,train
-10000010264773,0,0,0.006813657,test
-10000010264777,0,0,7.182389e-05,train
-10000010264779,0,0,0.00013067269,train
-10000010264781,0,0,0.0014312875,train
-10000010264782,0,0,0.39436278,train
-10000010264784,0,0,0.00019589647,train
-10000010264785,0,0,0.00011640396,train
-10000010264793,0,0,0.009201933,train
-10000010264795,0,0,0.017581511,train
-10000010264800,0,0,0.001253471,train
-10000010264804,0,0,4.688831e-05,train
-10000010264811,0,0,0.04462919,train
-10000010264814,0,0,0.0058501493,train
-10000010264817,0,0,7.107184e-05,train
-10000010264818,0,0,0.000114912335,train
-10000010264820,0,0,6.43085e-05,train
-10000010264819,0,0,0.03876387,train
-10000010264825,0,0,4.1199666e-05,train
-10000010264826,0,0,0.006847454,train
-10000010264827,0,0,0.0033207973,train
-10000010264828,0,1,0.721429,train
-10000010264829,0,0,0.31319794,train
-10000010264830,0,0,0.12128525,train
-10000010264831,0,0,2.0452962e-05,train
-10000010264833,0,0,3.4450113e-05,train
-10000010264835,1,1,0.99823207,train
-10000010264857,0,0,0.0014217225,train
-10000010264862,0,0,0.034020018,train
-10000010264865,0,0,3.383356e-05,train
-10000010264866,0,0,7.518144e-05,train
-10000010264870,0,0,0.06977672,train
-10000010264871,0,0,3.9029284e-05,test
-10000010264874,0,0,2.7963142e-05,train
-10000010264879,0,0,0.0011940093,train
-10000010264885,0,0,0.0008871559,train
-10000010264889,0,0,0.009619659,train
-10000010264892,1,1,0.99915576,train
-10000010264894,0,0,0.037936833,train
-10000010264896,0,0,0.0075239614,test
-10000010264898,0,0,0.21121632,train
-10000010264899,0,0,0.007758124,test
-10000010264901,0,0,7.327783e-05,train
-10000010264902,0,0,6.819924e-05,train
-10000010264907,0,0,0.026065273,train
-10000010264911,0,0,5.3675285e-05,train
-10000010264917,0,0,2.2927223e-05,train
-10000010264918,0,0,0.09780122,train
-10000010264936,0,0,0.079324335,train
-10000010264937,0,0,7.926259e-05,test
-10000010264942,0,0,0.012346464,test
-10000010264948,0,0,5.1621042e-05,train
-10000010264947,0,1,0.7585145,train
-10000010264951,0,0,5.7162346e-05,train
-10000010264953,0,0,0.00020407837,train
-10000010264954,1,1,0.7721942,train
-10000010264958,1,1,0.9994197,train
-10000010264961,0,0,0.0033604552,test
-10000010264963,0,0,0.0014676836,train
-10000010264968,0,0,8.555282e-05,train
-10000010264970,1,1,0.9982444,train
-10000010264974,0,0,0.00013680408,train
-10000010264985,0,1,0.6777224,train
-10000010264987,0,0,0.00046292384,test
-10000010264990,0,0,0.010440804,test
-10000010264991,1,1,0.97976637,train
-10000010265000,0,1,0.8195119,train
-10000010265010,1,1,0.93838835,train
-10000010265011,0,0,0.0046828473,train
-10000010265013,0,0,0.00024263919,train
-10000010265020,0,0,0.026342556,train
-10000010265035,0,0,0.0010486207,train
-10000010265038,0,0,6.724508e-05,train
-10000010265040,0,0,0.043135185,train
-10000010265042,0,1,0.84342116,train
-10000010265054,0,0,0.09408392,train
-10000010265055,0,0,0.010552963,train
-10000010265056,0,0,0.00012793607,train
-10000010265058,0,0,3.297176e-05,train
-10000010265065,0,0,2.6777427e-05,train
-10000010265069,1,1,0.97070396,test
-10000010265071,0,0,0.0046854126,train
-10000010265072,0,1,0.7779749,train
-10000010265073,0,0,0.024547378,train
-10000010265077,0,0,6.204475e-05,test
-10000010265078,0,0,0.00030863922,train
-10000010265089,0,0,8.944592e-05,train
-10000010265093,0,0,0.000109347784,train
-10000010265094,0,1,0.7113652,train
-10000010265098,0,0,6.134331e-05,train
-10000010265099,1,1,0.9984585,test
-10000010265105,0,0,0.0025969935,train
-10000010265109,1,1,0.97577876,train
-10000010265110,0,0,0.0048650596,test
-10000010265117,0,1,0.57725406,train
-10000010265120,0,0,0.0619288,train
-10000010265129,0,0,0.0142663885,test
-10000010265131,0,0,3.0633117e-05,train
-10000010265138,0,0,0.00025985547,train
-10000010265139,0,0,3.924314e-05,test
-10000010265143,0,0,0.00016122403,train
-10000010265144,0,0,4.773342e-05,train
-10000010265146,0,0,7.845749e-05,train
-10000010265148,0,0,0.010011178,test
-10000010265161,0,0,2.0564563e-05,test
-10000010265165,1,1,0.95244414,train
-10000010265172,0,0,2.3137447e-05,test
-10000010265177,0,0,0.03539976,train
-10000010265178,0,0,0.00031840272,train
-10000010265183,0,0,0.11270447,train
-10000010265190,0,0,2.1867945e-05,train
-10000010265205,1,1,0.95787615,train
-10000010265208,1,1,0.9412937,train
-10000010265210,0,0,3.0182953e-05,train
-10000010265215,0,0,0.00027030465,train
-10000010265219,0,0,0.2449697,train
-10000010265223,0,0,0.058699798,train
-10000010265226,0,0,0.00037501112,train
-10000010265227,1,1,0.90333265,train
-10000010265231,0,0,5.366157e-05,train
-10000010265232,0,0,0.06807416,test
-10000010265234,0,0,0.00019059207,train
-10000010265236,0,0,0.28841665,test
-10000010265251,0,0,6.51056e-05,train
-10000010265252,0,0,0.017225236,train
-10000010265255,0,0,0.0016716016,train
-10000010265262,0,0,0.00011292696,test
-10000010265267,0,0,0.049576968,train
-10000010265272,1,1,0.99067324,train
-10000010265273,0,0,0.00026383784,train
-10000010265278,0,0,0.018007366,test
-10000010265283,0,0,0.00013630732,train
-10000010265285,0,0,0.00010708752,train
-10000010265292,0,0,0.0001469931,train
-10000010265293,0,0,9.842004e-05,train
-10000010265294,1,1,0.9912254,train
-10000010265298,0,0,4.049629e-05,train
-10000010265307,0,0,6.426866e-05,train
-10000010265314,0,0,0.000112224894,train
-10000010265315,0,0,5.131404e-05,train
-10000010265317,0,0,3.2604177e-05,train
-10000010265319,0,0,0.00014957317,train
-10000010265326,0,0,0.00012877495,train
-10000010265332,0,0,4.6032652e-05,train
-10000010265340,0,0,0.00498132,test
-10000010265342,0,0,1.1856135e-05,train
-10000010265344,0,0,0.00011232875,train
-10000010265348,0,0,0.0217883,train
-10000010265350,0,0,0.0013864804,train
-10000010265354,0,0,0.00019321448,train
-10000010265355,0,0,0.41390282,train
-10000010265357,0,0,0.03965555,train
-10000010265358,0,0,0.0037344424,train
-10000010265360,0,0,5.647924e-05,train
-10000010265364,0,1,0.82495695,train
-10000010265366,0,0,0.32211047,train
-10000010265372,0,0,0.010679944,train
-10000010265384,0,0,0.0001007999,test
-10000010265385,0,0,0.00020635969,test
-10000010265390,0,0,3.160205e-05,test
-10000010265392,0,0,0.009084844,train
-10000010265396,0,0,3.3886063e-05,train
-10000010265399,0,0,0.23183489,train
-10000010265404,0,0,0.001911028,train
-10000010265418,0,0,9.8064236e-05,train
-10000010265419,1,1,0.70844954,train
-10000010265420,1,1,0.966929,train
-10000010265423,0,0,9.139651e-05,train
-10000010265431,0,0,0.48840195,test
-10000010265432,1,1,0.9991353,train
-10000010265433,0,0,0.015790606,train
-10000010265436,0,0,4.5414108e-05,train
-10000010265437,0,0,0.008065924,train
-10000010265440,0,0,3.537608e-05,train
-10000010265442,0,0,0.023329172,test
-10000010265443,0,0,7.524541e-05,train
-10000010265444,0,0,5.7197787e-05,train
-10000010265449,0,0,0.0017026115,train
-10000010265454,0,0,5.5233933e-05,train
-10000010265467,0,0,0.013585888,test
-10000010265470,0,0,0.019247986,test
-10000010265472,0,0,9.9614546e-05,test
-10000010265484,0,0,6.162274e-05,train
-10000010265483,0,0,2.0534599e-05,test
-10000010265489,0,0,0.00017980704,train
-10000010265499,0,0,6.789354e-05,train
-10000010265500,0,0,2.9130546e-05,test
-10000010265503,0,0,0.00096799346,train
-10000010265504,0,0,7.3781695e-05,test
-10000010265509,0,0,0.005834092,train
-10000010265516,0,0,6.826814e-05,train
-10000010265518,0,0,0.00018233323,test
-10000010265519,0,0,6.6722445e-05,train
-10000010265520,0,0,1.829089e-05,train
-10000010265539,0,0,0.0026386168,train
-10000010265542,0,0,2.0980695e-05,train
-10000010265544,0,0,4.1462798e-05,train
-10000010265549,0,0,0.022635898,train
-10000010265556,0,0,0.01334741,train
-10000010265560,0,0,8.1432925e-05,train
-10000010265561,1,1,0.77799284,train
-10000010265562,0,0,0.009453384,train
-10000010265569,0,0,0.007346985,train
-10000010265572,0,0,8.0038684e-05,train
-10000010265576,1,1,0.8528886,train
-10000010265580,0,0,0.00058247044,train
-10000010265582,0,0,0.24555755,train
-10000010265589,0,0,0.0026693502,train
-10000010265592,0,0,0.0002523481,train
-10000010265593,1,1,0.9987956,test
-10000010265595,0,0,5.654925e-05,train
-10000010265597,0,0,0.003961593,train
-10000010265598,1,1,0.9986143,train
-10000010265599,0,0,0.00013843297,train
-10000010265601,0,0,8.2316656e-05,train
-10000010265603,0,0,0.00011213985,train
-10000010265607,0,0,0.00191364,train
-10000010265609,0,0,0.023304613,test
-10000010265613,0,0,0.014535457,train
-10000010265615,0,0,4.6676134e-05,train
-10000010265617,0,0,5.1457766e-05,test
-10000010265621,0,0,0.0054506734,train
-10000010265628,0,0,0.42915997,test
-10000010265633,0,0,0.005156474,train
-10000010265638,0,0,0.008167432,test
-10000010265640,0,0,0.028760087,train
-10000010265641,0,0,6.702043e-05,train
-10000010265642,0,1,0.91959953,train
-10000010265648,0,0,3.397414e-05,train
-10000010265651,0,0,0.03265959,train
-10000010265656,0,0,3.753694e-05,train
-10000010265657,0,0,0.0004087626,train
-10000010265659,0,0,5.046788e-05,train
-10000010265663,1,1,0.9994222,train
-10000010265664,0,0,0.00010017752,train
-10000010265666,0,0,0.0001736216,train
-10000010265675,0,0,0.00036908258,train
-10000010265677,0,0,0.0009791874,train
-10000010265681,0,0,2.1594e-05,train
-10000010265682,0,0,4.557528e-05,train
-10000010265683,0,0,0.36953038,test
-10000010265690,0,0,0.013472375,test
-10000010265691,0,0,8.5560656e-05,train
-10000010265692,0,0,0.00023758387,train
-10000010265695,0,0,0.0009041159,test
-10000010265696,0,0,3.1159776e-05,train
-10000010265699,0,0,0.24359985,train
-10000010265708,0,0,0.00081138837,train
-10000010265710,0,0,4.2682706e-05,train
-10000010265711,1,1,0.9880078,train
-10000010265712,0,0,5.567853e-05,test
-10000010265715,0,0,0.015078597,train
-10000010265717,0,0,2.6099362e-05,train
-10000010265718,0,0,0.0030114572,train
-10000010265722,0,0,3.839711e-05,test
-10000010265726,0,0,3.1365937e-05,test
-10000010265733,0,0,0.012359437,train
-10000010265742,0,0,0.00017323894,train
-10000010265746,0,0,4.521994e-05,train
-10000010265750,0,0,6.586483e-05,train
-10000010265751,0,0,0.095342495,train
-10000010265754,0,0,0.005214327,train
-10000010265758,0,0,0.0015742346,train
-10000010265759,0,0,7.135305e-05,train
-10000010265763,0,0,0.0001736933,test
-10000010265765,0,0,5.6217825e-05,train
-10000010265766,0,0,2.2824492e-05,train
-10000010265767,0,0,3.5346136e-05,train
-10000010265768,0,0,0.005238059,train
-10000010265771,0,0,0.033673868,train
-10000010265773,0,0,0.1538563,train
-10000010265780,0,0,5.6966663e-05,train
-10000010265779,0,0,0.0006131785,train
-10000010265781,0,0,2.4156157e-05,train
-10000010265787,0,0,0.0090586925,test
-10000010265789,0,0,9.543275e-05,train
-10000010265792,0,0,0.00017225853,train
-10000010265794,0,0,6.585742e-05,train
-10000010265798,0,0,0.0132588195,train
-10000010265802,0,0,0.0002028171,train
-10000010265806,0,0,0.0060892077,train
-10000010265808,0,0,0.1834244,train
-10000010265811,0,0,2.9810333e-05,train
-10000010265814,0,0,4.927431e-05,train
-10000010265817,0,0,0.0013689122,train
-10000010265820,0,0,0.004210937,train
-10000010265825,0,0,0.21163207,train
-10000010265827,0,0,0.0022382918,train
-10000010265832,0,0,1.7336768e-05,train
-10000010265833,0,0,0.001222847,test
-10000010265839,0,0,0.0034319304,train
-10000010265843,0,0,0.00015267835,train
-10000010265844,0,0,0.057876393,train
-10000010265849,0,0,0.00018309316,train
-10000010265857,0,0,5.046788e-05,train
-10000010265858,1,1,0.9806521,train
-10000010265859,1,1,0.96141714,train
-10000010265866,0,0,0.0738532,train
-10000010265871,0,0,7.409956e-05,train
-10000010265872,0,0,0.019309422,train
-10000010265875,0,0,0.0052189077,train
-10000010265876,0,0,0.008245151,train
-10000010265877,0,0,0.18575712,train
-10000010265879,0,0,5.761983e-05,train
-10000010265881,1,1,0.9502747,train
-10000010265885,0,0,0.00524166,train
-10000010265886,1,1,0.9306121,train
-10000010265897,0,0,8.0943784e-05,test
-10000010265895,1,1,0.8658083,train
-10000010265899,0,0,0.00084566756,test
-10000010265909,0,0,0.012624195,train
-10000010265910,0,0,0.00017068925,train
-10000010265913,0,0,0.39336538,train
-10000010265914,0,0,0.00018732404,train
-10000010265919,0,0,3.3474145e-05,train
-10000010265922,0,0,3.5205925e-05,test
-10000010265924,0,0,6.778511e-05,train
-10000010265928,0,0,0.00018164796,train
-10000010265929,0,0,0.3019761,train
-10000010265931,0,0,6.302302e-05,train
-10000010265937,0,0,0.00073943974,train
-10000010265943,0,0,0.00023793818,train
-10000010265949,0,0,0.00062173494,train
-10000010265950,1,1,0.8935436,train
-10000010265951,0,0,9.7535456e-05,train
-10000010265953,0,0,0.2527523,test
-10000010265955,0,0,0.0003797361,train
-10000010265956,0,0,0.00012115252,train
-10000010265957,1,1,0.9284928,train
-10000010265963,0,0,2.79524e-05,test
-10000010265966,0,0,0.08839228,train
-10000010265973,0,0,5.251623e-05,test
-10000010265975,0,0,8.678676e-05,train
-10000010265976,0,0,0.00069577695,train
-10000010265977,0,0,0.253497,train
-10000010265981,0,0,8.677269e-05,train
-10000010265982,0,0,2.0980695e-05,train
-10000010265994,0,0,0.000438779,test
-10000010266001,0,0,0.00014723607,train
-10000010266003,0,0,1.3557203e-05,test
-10000010266007,0,0,7.328915e-05,train
-10000010266009,0,0,0.34358183,train
-10000010266012,0,0,0.00044490976,train
-10000010266019,1,1,0.9991805,train
-10000010266022,0,1,0.5353083,train
-10000010266024,0,0,0.0059530465,test
-10000010266026,0,0,2.2071003e-05,test
-10000010266034,0,1,0.568666,train
-10000010266038,0,0,4.2625146e-05,train
-10000010266043,0,0,2.184108e-05,test
-10000010266046,0,0,2.2529863e-05,test
-10000010266047,0,0,0.0001207522,train
-10000010266048,0,0,8.801608e-05,train
-10000010266050,1,0,0.28956822,test
-10000010266053,0,0,4.9890976e-05,train
-10000010266054,0,0,1.8906658e-05,test
-10000010266058,0,0,6.2186686e-05,train
-10000010266059,0,0,0.00030373636,train
-10000010266061,0,0,0.0023030865,train
-10000010266062,0,0,0.16847017,train
-10000010266063,0,0,9.139041e-05,train
-10000010266064,0,0,0.04486153,train
-10000010266066,0,1,0.9409442,test
-10000010266067,0,0,0.044170324,train
-10000010266069,0,0,6.44317e-05,train
-10000010266070,0,0,0.061436575,train
-10000010266072,0,0,0.0001799868,train
-10000010266075,0,1,0.92229533,test
-10000010266076,0,0,0.00018592272,test
-10000010266079,0,0,0.0030406064,test
-10000010266093,0,0,4.0966985e-05,train
-10000010266096,1,1,0.8259589,train
-10000010266102,0,0,0.20707336,test
-10000010266106,0,0,0.042691816,test
-10000010266108,0,0,0.07020647,test
-10000010266110,0,0,0.037549637,train
-10000010266112,0,0,0.0001229859,train
-10000010266115,0,0,0.004361419,test
-10000010266123,0,0,0.0043153292,test
-10000010266125,0,1,0.60511446,train
-10000010266126,0,0,3.2123884e-05,train
-10000010266129,0,0,0.0002691243,train
-10000010266130,0,0,5.4601045e-05,train
-10000010266133,0,0,8.522337e-05,test
-10000010266134,1,1,0.94828,train
-10000010266141,0,0,3.5828518e-05,test
-10000010266143,0,0,9.321488e-05,train
-10000010266145,0,0,3.592363e-05,test
-10000010266144,0,0,6.443121e-05,train
-10000010266147,0,0,2.2680504e-05,train
-10000010266148,0,0,0.000111145215,train
-10000010266157,0,0,9.7509605e-05,train
-10000010266158,0,1,0.75809306,train
-10000010266159,0,0,0.008700858,train
-10000010266163,0,0,0.010146701,train
-10000010266166,0,0,0.018476455,train
-10000010266167,0,0,0.00039145545,test
-10000010266170,0,0,6.547344e-05,train
-10000010266171,0,0,0.01548696,train
-10000010266172,0,0,0.000116344134,train
-10000010266174,0,0,6.4376916e-05,train
-10000010266179,0,0,0.112870395,train
-10000010266183,0,0,0.00042040905,test
-10000010266195,0,0,0.00011816615,train
-10000010266197,0,0,6.410694e-05,train
-10000010266200,0,0,6.394557e-05,train
-10000010266209,0,0,0.06542961,test
-10000010266211,0,0,0.029091895,train
-10000010266220,0,0,6.547881e-05,train
-10000010266221,0,0,0.0035342618,train
-10000010266222,0,1,0.6077439,train
-10000010266227,0,0,0.011145711,train
-10000010266228,0,0,0.056085333,train
-10000010266229,0,0,5.3139396e-05,test
-10000010266230,0,0,4.2447355e-05,test
-10000010266232,0,0,0.0012909091,train
-10000010266236,1,1,0.87760466,train
-10000010266237,0,0,0.0035120072,train
-10000010266242,0,0,0.47579038,test
-10000010266245,0,0,0.019145744,train
-10000010266249,0,0,0.00015172962,test
-10000010266255,0,0,0.021548359,train
-10000010266262,0,0,0.0004684337,train
-10000010266267,0,0,6.0144495e-05,test
-10000010266268,0,0,0.017485818,test
-10000010266270,0,0,9.779287e-05,train
-10000010266272,0,0,0.0064412756,train
-10000010266274,0,1,0.8385129,test
-10000010266280,0,0,0.003343679,train
-10000010266281,0,0,0.006275211,train
-10000010266283,0,0,0.0030313176,train
-10000010266294,0,0,6.3022904e-05,test
-10000010266296,0,0,0.00014095794,train
-10000010266308,0,0,3.6687896e-05,train
-10000010266311,0,0,6.563085e-05,train
-10000010266316,1,1,0.98327386,train
-10000010266319,0,0,5.4318727e-05,train
-10000010266322,0,0,0.000642752,train
-10000010266328,0,0,0.008047114,train
-10000010266332,0,0,0.000113907445,test
-10000010266333,0,0,0.0076898527,train
-10000010266337,0,0,0.0066773356,train
-10000010266338,0,0,0.00034875964,train
-10000010266341,0,0,0.003172324,train
-10000010266343,0,0,0.00015483702,train
-10000010266351,0,0,0.00045693835,train
-10000010266355,0,0,6.914293e-05,train
-10000010266357,0,0,0.015049165,train
-10000010266359,0,0,4.5891735e-05,test
-10000010266375,0,0,8.5276704e-05,train
-10000010266384,0,0,0.00016590064,test
-10000010266391,0,0,0.00013452773,train
-10000010266398,0,0,0.21727823,train
-10000010266401,0,0,0.0007424856,test
-10000010266403,0,0,7.450555e-05,train
-10000010266404,0,0,0.012808727,train
-10000010266406,0,0,0.03100668,test
-10000010266409,0,0,6.491726e-05,train
-10000010266418,0,0,0.00022794526,test
-10000010266419,0,0,2.9439001e-05,train
-10000010266420,0,0,0.033165045,train
-10000010266424,0,0,4.2867778e-05,train
-10000010266427,0,0,0.00033502482,train
-10000010266430,1,1,0.8653021,train
-10000010266431,0,0,0.10003963,train
-10000010266432,0,0,6.053682e-05,train
-10000010266439,0,0,0.18724099,train
-10000010266442,0,0,0.00026153322,test
-10000010266443,0,0,9.352865e-05,train
-10000010266450,0,0,0.0012055483,train
-10000010266452,0,0,0.0008481236,train
-10000010266453,0,0,3.8293696e-05,train
-10000010266454,0,0,0.0012604197,train
-10000010266462,0,1,0.6769827,train
-10000010266465,0,1,0.9729345,test
-10000010266467,0,0,9.9155666e-05,test
-10000010266468,0,0,0.19630133,train
-10000010266469,0,0,6.544267e-05,train
-10000010266475,0,0,0.111990646,train
-10000010266505,0,0,5.2755153e-05,train
-10000010266510,0,0,0.00017418737,train
-10000010266520,0,0,0.000118444244,test
-10000010266522,0,0,6.865116e-05,test
-10000010266527,0,0,0.0030464444,train
-10000010266528,0,0,0.00170251,train
-10000010266531,0,0,0.014176958,train
-10000010266532,0,0,0.06707626,train
-10000010266533,0,0,0.00011188756,train
-10000010266538,0,0,1.7336768e-05,train
-10000010266548,0,0,0.0014399044,train
-10000010266549,1,1,0.97043693,train
-10000010266554,0,0,0.00031697043,train
-10000010266557,0,0,0.00013051716,train
-10000010266560,0,0,0.0074661155,test
-10000010266565,1,1,0.9927562,train
-10000010266573,0,0,0.014814896,train
-10000010266574,1,1,0.9992436,train
-10000010266575,0,0,0.0009154842,train
-10000010266576,0,0,0.0025649057,train
-10000010266577,0,0,2.182994e-05,test
-10000010266578,0,0,0.00016256503,train
-10000010266579,1,0,0.14890344,test
-10000010266580,0,0,0.00764502,train
-10000010266581,0,0,0.034586105,train
-10000010266585,0,0,7.153707e-05,train
-10000010266587,0,0,0.0048289313,train
-10000010266592,0,0,0.012673611,train
-10000010266593,0,0,4.4078042e-05,train
-10000010266601,0,0,0.000111369816,test
-10000010266604,1,1,0.9915376,test
-10000010266606,0,0,0.0024417602,train
-10000010266616,1,1,0.98284894,train
-10000010266619,0,0,0.00045269914,train
-10000010266626,1,1,0.9987055,test
-10000010266635,0,0,0.0215645,train
-10000010266645,0,0,5.976327e-05,train
-10000010266648,0,0,0.005799925,train
-10000010266649,0,0,0.008304218,train
-10000010266650,0,0,0.0003700289,train
-10000010266651,0,0,6.3227446e-05,test
-10000010266652,0,0,0.00024787724,test
-10000010266653,0,0,0.0006468524,test
-10000010266657,0,0,0.00015750264,test
-10000010266661,0,0,9.16053e-05,train
-10000010266669,0,0,0.09653546,train
-10000010266672,1,1,0.9704911,train
-10000010266675,0,0,0.027138012,train
-10000010266677,0,0,9.983136e-05,train
-10000010266679,0,0,0.00010720952,train
-10000010266681,0,0,0.05759179,test
-10000010266685,0,0,0.032584522,train
-10000010266686,0,0,0.37594122,train
-10000010266687,1,1,0.99757093,train
-10000010266688,0,0,0.00018378264,train
-10000010266701,1,1,0.9342647,train
-10000010266702,0,0,0.00012399636,train
-10000010266703,0,0,0.00019414576,train
-10000010266708,0,0,0.00025229497,train
-10000010266716,0,0,0.33174273,train
-10000010266722,0,0,0.0001634569,train
-10000010266724,0,0,5.6971283e-05,train
-10000010266723,0,1,0.8404987,test
-10000010266727,0,0,0.0031923053,train
-10000010266738,0,0,2.0980695e-05,train
-10000010266745,0,0,2.8034032e-05,test
-10000010266748,1,1,0.90944874,train
-10000010266751,0,0,0.0013748575,train
-10000010266752,0,0,8.8647226e-05,train
-10000010266754,0,0,4.1146464e-05,train
-10000010266755,0,1,0.63553584,train
-10000010266767,0,0,8.344462e-05,test
-10000010266778,0,0,3.2573535e-05,train
-10000010266787,0,0,0.04671554,test
-10000010266789,0,0,0.093451574,train
-10000010266792,0,0,0.048128415,train
-10000010266793,0,0,0.0012090718,test
-10000010266794,0,0,0.00012172711,train
-10000010266796,0,0,0.00034883813,train
-10000010266798,0,0,0.0034467538,test
-10000010266812,1,1,0.92338437,train
-10000010266813,0,0,0.00032984882,train
-10000010266830,0,0,3.2123884e-05,train
-10000010266832,0,1,0.5966304,train
-10000010266833,0,0,5.83382e-05,train
-10000010266835,0,0,0.00014020324,train
-10000010266843,0,0,0.00069553236,train
-10000010266848,0,0,9.5261996e-05,test
-10000010266849,0,0,4.3422522e-05,test
-10000010266850,0,1,0.8062258,train
-10000010266858,0,0,0.010542736,test
-10000010266860,0,0,7.107184e-05,train
-10000010266863,0,0,0.11168589,train
-10000010266867,0,0,0.0006378617,train
-10000010266868,0,0,0.00017190167,train
-10000010266873,0,0,0.0005166602,test
-10000010266872,0,1,0.7566273,train
-10000010266874,0,0,0.002850163,train
-10000010266875,0,0,8.7902255e-05,train
-10000010266877,0,0,0.022147052,test
-10000010266878,0,0,0.0001525145,train
-10000010266882,0,0,0.008047796,train
-10000010266886,0,0,2.3929877e-05,train
-10000010266888,0,0,0.021980127,train
-10000010266890,0,0,0.00020644983,test
-10000010266891,1,1,0.95616233,train
-10000010266894,0,0,0.0014938391,train
-10000010266896,0,0,6.230124e-05,train
-10000010266903,0,0,0.00012864792,test
-10000010266907,0,0,0.00035577881,train
-10000010266908,1,1,0.9758184,train
-10000010266910,0,0,7.972644e-05,test
-10000010266911,0,0,0.0006132913,train
-10000010266923,0,0,3.1016254e-05,test
-10000010266929,0,0,0.001698217,train
-10000010266945,0,0,0.00029828987,train
-10000010266953,0,0,0.00013312264,test
-10000010266962,0,0,0.029013684,train
-10000010266964,0,0,0.005551017,train
-10000010266967,0,0,3.339689e-05,train
-10000010266969,0,0,4.821461e-05,train
-10000010266971,0,0,0.0003842648,train
-10000010266973,0,0,0.0017139658,train
-10000010266976,0,0,6.2918654e-05,train
-10000010266977,0,0,9.807546e-05,train
-10000010266985,0,0,4.632873e-05,test
-10000010266991,0,0,3.3755376e-05,train
-10000010266992,0,0,0.00017614652,train
-10000010266993,0,0,0.012749293,test
-10000010266995,0,0,0.010563654,train
-10000010266998,0,0,5.96577e-05,train
-10000010266999,0,0,0.00012288029,train
-10000010267002,0,0,5.6326753e-05,train
-10000010267003,0,0,0.0005152642,train
-10000010267011,0,0,0.00027154165,test
-10000010267015,0,0,0.015522872,train
-10000010267021,0,0,5.1858613e-05,test
-10000010267022,0,1,0.7425365,test
-10000010267028,0,0,0.00036416925,train
-10000010267034,0,0,0.005608704,test
-10000010267041,0,0,2.6421465e-05,train
-10000010267049,0,0,0.004876061,train
-10000010267051,1,1,0.9790309,train
-10000010267053,1,1,0.99916816,train
-10000010267054,0,0,0.00019139006,train
-10000010267056,1,1,0.9860529,test
-10000010267057,0,0,0.079382144,test
-10000010267061,0,0,0.0023931183,train
-10000010267062,1,1,0.9952615,test
-10000010267075,0,0,0.000281087,test
-10000010267077,1,1,0.979278,test
-10000010267080,0,0,0.3567391,train
-10000010267085,0,0,0.00024458164,train
-10000010267091,0,0,0.000514856,train
-10000010267094,0,0,0.090415314,train
-10000010267095,0,0,0.0013107818,train
-10000010267099,0,0,5.6753997e-05,train
-10000010267101,0,0,3.778879e-05,train
-10000010267104,0,0,6.826814e-05,test
-10000010267105,0,0,0.000292174,test
-10000010267106,0,0,0.01798418,train
-10000010267112,0,0,4.7631067e-05,train
-10000010267116,0,0,7.1411254e-05,train
-10000010267118,0,0,0.062872946,train
-10000010267128,1,1,0.7810728,test
-10000010267137,0,0,4.307262e-05,train
-10000010267151,0,0,5.6951998e-05,test
-10000010267158,0,0,0.48563138,train
-10000010267159,0,0,0.031784866,train
-10000010267161,0,0,0.11996775,train
-10000010267163,0,0,0.00011720153,train
-10000010267164,0,0,5.976327e-05,train
-10000010267166,0,0,6.826814e-05,train
-10000010267167,1,1,0.99372286,train
-10000010267174,0,0,0.0061455783,train
-10000010267173,0,0,3.1846284e-05,train
-10000010267171,0,0,4.297563e-05,train
-10000010267170,0,0,7.1777875e-05,train
-10000010267186,0,0,0.03561428,test
-10000010267192,0,0,0.10050189,train
-10000010267198,0,1,0.92153937,train
-10000010267206,0,0,0.00013548862,train
-10000010267204,0,1,0.6578248,train
-10000010267208,0,0,0.00022571291,train
-10000010267214,0,1,0.8791787,test
-10000010267219,0,0,9.075149e-05,train
-10000010267222,0,1,0.6317093,train
-10000010267224,0,0,0.02684133,train
-10000010267225,0,0,0.33830547,train
-10000010267229,0,0,0.012251905,train
-10000010267231,0,0,4.395614e-05,test
-10000010267233,0,0,0.049879584,train
-10000010267234,0,0,0.05360398,train
-10000010267238,0,0,0.0002560875,train
-10000010267239,1,1,0.98468393,test
-10000010267240,1,1,0.94010407,train
-10000010267243,0,0,0.001094435,test
-10000010267246,0,0,3.297176e-05,train
-10000010267247,0,1,0.6680943,train
-10000010267248,0,0,0.00026806208,train
-10000010267249,0,0,0.000113185575,train
-10000010267255,0,0,0.0057360525,train
-10000010267256,0,0,3.4243923e-05,train
-10000010267257,1,1,0.9920879,test
-10000010267258,0,0,0.00017853956,train
-10000010267259,0,0,0.00032398428,train
-10000010267267,0,0,3.6973903e-05,train
-10000010267270,1,1,0.9855291,train
-10000010267272,1,1,0.98012954,train
-10000010267280,0,0,0.3193362,test
-10000010267296,0,0,0.00012470734,train
-10000010267299,0,0,0.0009937675,train
-10000010267305,1,1,0.8600482,test
-10000010267306,0,0,0.028626425,train
-10000010267308,0,0,0.09642302,train
-10000010267311,1,1,0.962953,train
-10000010267316,0,0,6.826814e-05,train
-10000010267327,0,0,3.7148428e-05,train
-10000010267328,1,1,0.94777364,train
-10000010267329,0,0,5.788076e-05,train
-10000010267330,0,0,0.0018872217,train
-10000010267333,0,0,0.29397318,train
-10000010267334,1,1,0.9736695,train
-10000010267337,0,0,0.00010991156,train
-10000010267351,0,1,0.9486223,test
-10000010267352,0,0,0.0001312291,test
-10000010267354,0,0,0.0024937,train
-10000010267361,0,0,0.0003862985,train
-10000010267362,0,0,0.0033600593,train
-10000010267368,0,0,0.005390718,train
-10000010267371,0,0,3.5160898e-05,train
-10000010267374,0,0,3.310636e-05,test
-10000010267379,0,0,0.0014695954,train
-10000010267380,0,0,0.010216039,train
-10000010267381,0,0,0.15313333,train
-10000010267383,0,0,3.1027615e-05,train
-10000010267384,0,0,0.34595695,train
-10000010267385,0,0,0.00032433192,train
-10000010267390,0,0,0.0001788662,train
-10000010267399,0,0,2.0811112e-05,train
-10000010267400,0,0,5.6578487e-05,train
-10000010267398,0,0,0.000110335604,train
-10000010267401,0,0,0.007588035,train
-10000010267405,0,0,7.567515e-05,train
-10000010267406,0,0,2.7318209e-05,train
-10000010267407,0,0,0.23884699,test
-10000010267415,0,0,0.010442267,train
-10000010267417,0,0,0.29341924,train
-10000010267419,0,0,0.00013691736,test
-10000010267420,0,0,0.003176117,train
-10000010267422,0,0,6.11613e-05,test
-10000010267424,0,1,0.94636226,test
-10000010267431,0,0,0.0005515831,train
-10000010267433,0,0,0.00013929178,test
-10000010267438,0,0,7.714817e-05,test
-10000010267443,0,0,0.00066042226,train
-10000010267445,0,0,3.8829556e-05,train
-10000010267448,0,0,0.00010024413,train
-10000010267454,0,0,0.0048733265,train
-10000010267459,1,1,0.99280554,train
-10000010267465,0,0,0.00027164782,train
-10000010267466,0,0,0.00030040034,train
-10000010267468,0,0,8.498802e-05,test
-10000010267476,1,1,0.8421908,train
-10000010267477,1,1,0.91629666,train
-10000010267480,0,0,0.017765272,test
-10000010267483,0,0,7.406275e-05,test
-10000010267487,0,0,0.33719522,train
-10000010267492,0,0,3.70005e-05,train
-10000010267498,1,1,0.9392676,train
-10000010267504,0,0,0.009380547,test
-10000010267513,0,1,0.7205959,test
-10000010267528,0,0,0.000154661,train
-10000010267532,0,0,0.039540455,train
-10000010267541,0,0,0.00018201864,train
-10000010267542,0,0,6.495138e-05,train
-10000010267543,0,0,5.9517235e-05,train
-10000010267549,0,0,0.0104031535,test
-10000010267551,0,0,0.00014536578,train
-10000010267552,0,0,8.451733e-05,train
-10000010267554,0,0,0.12016474,train
-10000010267557,0,0,8.663445e-05,train
-10000010267560,0,0,0.0010127955,train
-10000010267562,0,0,6.1941064e-05,train
-10000010267563,0,0,7.134135e-05,test
-10000010267564,0,0,7.716818e-05,test
-10000010267568,0,0,0.05284659,train
-10000010267576,1,1,0.98162234,train
-10000010267593,0,0,0.00014786539,train
-10000010267596,0,0,9.519961e-05,train
-10000010267603,0,0,3.297176e-05,train
-10000010267602,0,0,0.26264063,test
-10000010267606,1,1,0.99896157,test
-10000010267608,0,0,4.1887408e-05,train
-10000010267612,0,0,0.00012807363,train
-10000010267615,0,1,0.65314054,train
-10000010267618,0,0,0.062308807,train
-10000010267620,0,0,0.09123064,train
-10000010267619,0,0,0.005397131,train
-10000010267621,1,1,0.83069044,train
-10000010267624,0,0,0.00021534141,test
-10000010267636,1,1,0.58063185,test
-10000010267643,0,0,7.246708e-05,train
-10000010267645,0,0,0.0024894953,train
-10000010267646,0,0,0.030283587,train
-10000010267650,0,0,0.00012921296,train
-10000010267652,0,0,0.0046567274,test
-10000010267658,1,1,0.9746693,train
-10000010267661,0,0,8.768752e-05,train
-10000010267664,0,0,0.00037031103,train
-10000010267672,0,0,0.003177458,train
-10000010267677,0,0,0.0013002129,test
-10000010267679,0,0,0.26527756,train
-10000010267684,0,0,0.00019478305,test
-10000010267687,0,0,0.00037784068,train
-10000010267688,1,1,0.9982474,train
-10000010267690,0,0,3.370944e-05,train
-10000010267692,0,0,0.395583,train
-10000010267693,0,0,0.3378312,train
-10000010267695,0,0,6.65477e-05,train
-10000010267696,0,0,1.8905523e-05,train
-10000010267697,0,0,0.0001928962,test
-10000010267699,0,0,0.004173204,test
-10000010267700,1,1,0.9920655,test
-10000010267701,0,1,0.95582825,train
-10000010267702,1,1,0.9930629,test
-10000010267715,0,0,0.0001168283,test
-10000010267718,0,0,4.562612e-05,train
-10000010267722,0,0,0.0007369477,test
-10000010267727,0,0,0.0003741042,train
-10000010267726,1,1,0.9122178,test
-10000010267737,0,0,0.41438156,test
-10000010267740,0,0,0.00010777697,train
-10000010267745,0,0,2.1636155e-05,train
-10000010267747,0,0,0.004759808,train
-10000010267746,1,1,0.96781266,test
-10000010267755,0,0,3.6121914e-05,train
-10000010267758,0,0,2.172968e-05,train
-10000010267763,0,0,0.000107813044,train
-10000010267764,0,0,0.03235924,train
-10000010267769,0,0,4.7908266e-05,train
-10000010267780,0,0,0.00027713037,train
-10000010267791,0,0,6.250077e-05,train
-10000010267795,0,0,0.00023568775,train
-10000010267796,0,0,0.12542526,test
-10000010267799,0,0,0.0001640063,train
-10000010267803,0,0,2.0650068e-05,train
-10000010267809,1,1,0.80742824,train
-10000010267810,1,1,0.895937,train
-10000010267815,1,1,0.96941346,train
-10000010267817,0,0,0.00012057512,train
-10000010267821,0,0,0.0005101957,test
-10000010267825,0,0,4.0374514e-05,test
-10000010267827,0,0,0.00013872143,train
-10000010267829,0,1,0.9642015,train
-10000010267834,0,0,0.046010766,train
-10000010267835,0,0,0.0025308102,train
-10000010267837,1,1,0.98984224,train
-10000010267843,1,1,0.99864286,train
-10000010267854,0,0,5.357853e-05,test
-10000010267861,0,0,0.0001636417,test
-10000010267862,0,0,0.001012345,train
-10000010267863,0,0,0.006458479,train
-10000010267872,1,1,0.9991418,train
-10000010267876,0,0,2.848429e-05,train
-10000010267883,0,0,0.0028153812,train
-10000010267889,0,0,7.4798634e-05,test
-10000010267897,1,1,0.9970095,train
-10000010267900,1,1,0.5917236,train
-10000010267902,0,0,8.087912e-05,train
-10000010267903,0,0,0.00018327184,train
-10000010267905,0,0,1.6067279e-05,train
-10000010267912,0,0,0.023636598,test
-10000010267911,0,0,0.23280434,test
-10000010267916,0,0,7.150488e-05,train
-10000010267917,0,0,6.428667e-05,train
-10000010267918,0,0,0.00013796607,train
-10000010267921,0,0,0.005128033,train
-10000010267929,1,1,0.85964143,train
-10000010267932,0,0,0.009386248,train
-10000010267943,0,0,0.010360277,train
-10000010267944,0,0,0.048369497,train
-10000010267953,0,0,0.000899587,train
-10000010267958,0,0,0.07414147,train
-10000010267960,0,0,3.534789e-05,train
-10000010267961,0,0,9.23599e-05,train
-10000010267964,0,0,2.660188e-05,train
-10000010267974,0,1,0.9693433,test
-10000010267982,0,0,4.6266563e-05,test
-10000010267984,0,0,0.008752124,train
-10000010267986,0,0,0.0062643494,train
-10000010267988,0,0,8.019989e-05,train
-10000010267991,0,0,0.0001377061,test
-10000010267995,0,0,0.0081413295,train
-10000010267997,0,0,0.00016833481,test
-10000010267998,0,0,0.000102069214,train
-10000010268008,0,1,0.98439205,train
-10000010268010,0,0,0.00019280444,train
-10000010268016,0,0,9.419313e-05,train
-10000010268022,0,0,0.0002594636,train
-10000010268023,0,0,0.00018563223,test
-10000010268024,0,0,5.2957683e-05,train
-10000010268026,0,0,0.0032370691,train
-10000010268029,0,0,0.0067812423,train
-10000010268030,0,0,0.0007700881,train
-10000010268031,0,0,9.88974e-05,train
-10000010268033,0,0,0.0060389065,train
-10000010268034,0,0,0.111790285,test
-10000010268036,0,0,0.00010354411,test
-10000010268043,0,0,3.297176e-05,train
-10000010268046,0,0,0.00015879648,train
-10000010268059,0,0,8.396473e-05,train
-10000010268060,0,0,0.030211171,train
-10000010268069,0,0,6.0941577e-05,train
-10000010268070,0,0,0.0023277292,train
-10000010268071,0,0,0.42000917,train
-10000010268073,0,0,0.006292645,train
-10000010268074,0,0,1.3603204e-05,train
-10000010268076,0,0,7.107184e-05,train
-10000010268077,0,0,8.7478635e-05,test
-10000010268081,1,1,0.7719722,train
-10000010268083,0,0,7.5224176e-05,train
-10000010268082,0,0,0.0194961,train
-10000010268084,0,0,0.00013278998,test
-10000010268085,0,0,0.00011707944,train
-10000010268090,0,0,1.7523085e-05,train
-10000010268093,0,0,0.00038052158,train
-10000010268096,0,0,0.05437222,train
-10000010268097,0,1,0.82245415,train
-10000010268101,0,0,5.963063e-05,train
-10000010268103,0,0,0.0006153428,test
-10000010268104,0,0,0.30401003,train
-10000010268107,0,0,1.8843297e-05,train
-10000010268109,0,0,0.012739052,train
-10000010268110,0,0,0.0005928529,train
-10000010268125,0,0,0.00055913744,train
-10000010268128,0,1,0.6498669,train
-10000010268130,0,1,0.5238866,test
-10000010268132,0,0,2.4380788e-05,train
-10000010268133,0,0,0.0002816713,train
-10000010268136,0,0,0.028132156,test
-10000010268140,0,0,0.013355198,train
-10000010268146,0,0,0.0048060636,train
-10000010268147,0,0,0.00016341514,train
-10000010268149,0,0,2.6155822e-05,train
-10000010268169,0,0,2.3075021e-05,train
-10000010268170,0,0,5.9202503e-05,test
-10000010268180,0,0,5.6761466e-05,train
-10000010268184,0,0,0.036461815,train
-10000010268190,0,0,0.004134746,train
-10000010268189,1,1,0.9620558,train
-10000010268192,0,0,0.01068383,train
-10000010268195,0,0,0.00020653548,train
-10000010268202,0,0,4.224838e-05,test
-10000010268205,0,0,0.0003387872,train
-10000010268210,0,0,0.023843845,test
-10000010268213,0,0,0.000102215214,train
-10000010268214,0,0,0.09683036,train
-10000010268215,0,0,0.00737344,train
-10000010268217,0,0,0.03346063,train
-10000010268222,0,1,0.55168504,train
-10000010268224,0,1,0.56503296,test
-10000010268225,0,0,0.008406127,train
-10000010268226,0,0,0.00048495355,train
-10000010268227,0,0,0.09181024,train
-10000010268228,0,0,0.0036612134,train
-10000010268229,0,0,0.31469864,train
-10000010268231,0,0,0.0044527594,train
-10000010268233,0,0,0.00025806052,train
-10000010268234,1,1,0.9763939,train
-10000010268235,0,0,0.0012463008,train
-10000010268239,0,0,2.1721497e-05,test
-10000010268240,0,0,8.289476e-05,train
-10000010268243,0,0,0.0002524889,train
-10000010268246,0,0,0.00013279656,train
-10000010268251,0,0,4.82723e-05,test
-10000010268257,0,0,0.12949738,train
-10000010268263,0,0,9.394304e-05,train
-10000010268269,0,0,0.00031834748,train
-10000010268270,0,0,0.006678984,train
-10000010268277,0,0,9.215272e-05,train
-10000010268279,0,0,0.00334851,test
-10000010268283,0,0,7.414267e-05,train
-10000010268284,0,0,1.9065412e-05,train
-10000010268288,0,0,7.629802e-05,train
-10000010268291,0,0,3.551301e-05,train
-10000010268292,0,0,3.297176e-05,test
-10000010268294,0,0,0.0036828944,test
-10000010268297,0,0,0.013846793,train
-10000010268298,0,0,0.00042375346,train
-10000010268299,0,0,0.06695459,train
-10000010268301,0,0,7.2398005e-05,train
-10000010268303,0,0,0.0019518037,test
-10000010268304,0,0,0.013514236,train
-10000010268308,0,0,3.2135038e-05,train
-10000010268314,0,0,0.00040122966,train
-10000010268315,0,0,5.2792697e-05,train
-10000010268317,0,0,1.272889e-05,train
-10000010268322,0,0,0.030926468,test
-10000010268340,0,0,1.8272742e-05,train
-10000010268339,1,1,0.9738918,train
-10000010268342,0,0,0.00011802922,train
-10000010268343,0,0,0.00014496325,test
-10000010268345,0,0,6.645397e-05,train
-10000010268355,0,0,4.1450938e-05,test
-10000010268360,0,0,9.6900796e-05,test
-10000010268361,0,0,3.3234348e-05,train
-10000010268363,0,0,0.011375938,train
-10000010268364,0,0,2.2356156e-05,test
-10000010268365,0,0,7.278628e-05,train
-10000010268366,0,0,4.040348e-05,train
-10000010268367,0,0,8.039116e-05,train
-10000010268371,0,0,0.00012907948,train
-10000010268372,0,0,3.775997e-05,train
-10000010268373,0,0,1.2206671e-05,test
-10000010268375,0,0,0.45979533,test
-10000010268376,0,0,4.7164875e-05,train
-10000010268380,0,0,0.00013853438,train
-10000010268383,0,0,6.3117805e-05,train
-10000010268384,0,0,0.0004706238,train
-10000010268387,0,0,0.00614774,train
-10000010268388,0,0,0.0019998718,test
-10000010268391,0,0,5.1068782e-05,test
-10000010268402,0,0,4.5382894e-05,test
-10000010268405,0,0,0.016102701,train
-10000010268408,0,0,4.8866266e-05,test
-10000010268409,0,0,6.562752e-05,train
-10000010268410,0,0,7.116774e-05,train
-10000010268413,0,0,3.7410366e-05,train
-10000010268414,0,0,0.019429838,train
-10000010268415,0,0,3.0291603e-05,train
-10000010268420,0,0,0.005619767,test
-10000010268421,0,0,3.0569965e-05,train
-10000010268425,0,0,1.6286527e-05,train
-10000010268426,0,0,0.00018427659,train
-10000010268427,0,0,0.00022628739,test
-10000010268429,0,0,0.00015837264,train
-10000010268436,0,0,0.21402156,train
-10000010268443,0,0,0.05379638,train
-10000010268448,0,0,2.7186314e-05,train
-10000010268450,0,0,4.2603893e-05,train
-10000010268449,0,0,0.43009323,train
-10000010268453,0,0,0.00011402862,train
-10000010268458,0,1,0.9049024,train
-10000010268469,1,1,0.8982999,train
-10000010268471,0,0,0.21557868,train
-10000010268488,0,0,0.00018459208,test
-10000010268490,0,0,0.00021673221,test
-10000010268492,0,0,0.0003678707,train
-10000010268493,0,0,0.00012311614,test
-10000010268494,0,0,0.0003077557,train
-10000010268498,0,0,0.0016466453,train
-10000010268499,0,0,0.036831286,test
-10000010268504,1,1,0.92877764,train
-10000010268513,0,0,0.000110706045,train
-10000010268518,0,0,0.00037525987,train
-10000010268521,0,0,0.15754212,train
-10000010268530,0,0,9.378622e-05,train
-10000010268533,0,0,3.6937534e-05,test
-10000010268534,1,1,0.94691885,train
-10000010268536,0,0,0.00022952158,train
-10000010268538,0,0,0.060955923,train
-10000010268544,0,0,0.0026164674,train
-10000010268556,0,0,0.00061554374,train
-10000010268557,0,0,3.487451e-05,train
-10000010268558,0,0,6.5412656e-05,train
-10000010268562,0,0,0.0009810387,test
-10000010268563,0,0,4.5461726e-05,test
-10000010268564,0,0,4.8783382e-05,train
-10000010268565,0,0,0.00037057803,test
-10000010268567,1,1,0.8879657,train
-10000010268572,0,0,4.0895007e-05,train
-10000010268574,0,0,0.015230945,train
-10000010268573,0,0,3.131674e-05,test
-10000010268585,0,0,2.0534599e-05,train
-10000010268586,0,0,0.0012046375,train
-10000010268592,0,0,7.281558e-05,train
-10000010268594,0,0,0.000113568734,train
-10000010268597,1,1,0.8485605,train
-10000010268598,0,0,0.0001231899,train
-10000010268599,0,0,0.0002784724,test
-10000010268602,1,1,0.76794773,train
-10000010268603,0,0,0.07705224,train
-10000010268604,1,1,0.98722434,test
-10000010268605,0,0,5.154298e-05,test
-10000010268611,0,0,0.08843505,train
-10000010268620,0,0,0.00038230466,train
-10000010268624,0,0,0.000124321,train
-10000010268625,0,0,0.011038071,train
-10000010268629,0,0,0.00034622126,train
-10000010268631,0,0,2.57716e-05,train
-10000010268636,0,0,0.44626817,train
-10000010268644,0,0,0.11272521,train
-10000010268651,0,0,0.00033830325,train
-10000010268650,0,0,0.00057401723,train
-10000010268659,0,0,3.735575e-05,test
-10000010268660,0,0,0.00056113396,test
-10000010268671,0,1,0.9474939,test
-10000010268672,0,0,0.00017800937,train
-10000010268678,0,0,5.7838108e-05,train
-10000010268682,0,0,0.2485047,train
-10000010268687,0,0,0.0028582173,test
-10000010268691,0,0,2.039424e-05,test
-10000010268693,1,0,0.085452564,test
-10000010268697,0,0,2.8366887e-05,train
-10000010268704,0,0,5.8466965e-05,test
-10000010268707,0,0,0.0031327326,train
-10000010268708,0,0,0.0001120505,train
-10000010268714,0,0,4.8009566e-05,train
-10000010268716,1,1,0.9284619,train
-10000010268719,0,0,0.0022580128,train
-10000010268723,0,0,0.014962554,train
-10000010268727,0,1,0.8785634,train
-10000010268729,0,0,0.44589138,train
-10000010268730,0,0,0.00043507965,train
-10000010268743,0,0,0.27723658,test
-10000010268763,0,0,0.012775,train
-10000010268762,0,0,0.00013119771,train
-10000010268759,0,0,0.00010281406,train
-10000010268771,0,0,0.0052850577,test
-10000010268778,0,0,0.025199793,train
-10000010268785,0,0,3.7093556e-05,test
-10000010268792,0,0,0.0045175618,train
-10000010268795,1,1,0.97144854,train
-10000010268797,0,0,0.00014159229,train
-10000010268802,0,0,8.649404e-05,test
-10000010268805,0,0,0.16964798,train
-10000010268808,0,0,0.00010912747,train
-10000010268811,0,0,0.0003637433,test
-10000010268810,0,0,0.00014972372,train
-10000010268812,0,0,0.005034742,train
-10000010268818,0,0,5.2934658e-05,train
-10000010268826,0,0,7.8713485e-05,train
-10000010268828,0,0,7.45057e-05,train
-10000010268829,0,0,9.9301855e-05,train
-10000010268832,0,0,0.00014720672,train
-10000010268833,0,0,0.21187352,train
-10000010268830,0,0,0.00012769268,train
-10000010268834,0,0,0.008314579,train
-10000010268837,0,0,6.6722445e-05,train
-10000010268847,0,0,4.6544832e-05,train
-10000010268849,1,1,0.90149266,train
-10000010268852,0,0,0.00010326073,train
-10000010268862,0,0,0.0010431579,train
-10000010268863,0,0,3.7788865e-05,train
-10000010268866,0,0,0.008470252,train
-10000010268868,0,0,0.0035770242,train
-10000010268871,0,0,0.0074843345,train
-10000010268877,0,0,0.00024492794,train
-10000010268882,0,0,2.2170405e-05,test
-10000010268888,0,0,4.206943e-05,train
-10000010268889,0,0,0.115709536,test
-10000010268903,0,0,0.00031094442,test
-10000010268904,0,0,5.0158356e-05,test
-10000010268908,0,0,0.00021440924,train
-10000010268915,0,0,0.014804563,train
-10000010268916,0,0,0.034239348,train
-10000010268918,0,0,2.1804222e-05,train
-10000010268919,0,0,0.00025876221,train
-10000010268923,0,0,0.035036214,train
-10000010268924,0,0,0.006676972,train
-10000010268930,1,1,0.9916785,train
-10000010268933,0,0,0.00028451768,train
-10000010268935,0,0,0.0140260225,train
-10000010268938,0,0,1.60858e-05,train
-10000010268937,0,0,8.231375e-05,test
-10000010268940,1,1,0.9556785,train
-10000010268942,1,1,0.9796061,train
-10000010268947,0,0,2.4259396e-05,train
-10000010268948,0,0,4.9567312e-05,train
-10000010268960,0,0,0.06341476,train
-10000010268962,0,0,3.5918012e-05,test
-10000010268974,0,0,0.00011481278,train
-10000010268975,0,0,0.00034493487,train
-10000010268985,0,0,0.0002463223,train
-10000010268988,0,0,0.00013978608,test
-10000010268991,0,0,5.7703353e-05,train
-10000010269007,0,0,9.414832e-05,train
-10000010269012,0,0,0.00015411865,train
-10000010269023,0,0,7.520237e-05,test
-10000010269029,0,0,3.406842e-05,test
-10000010269031,0,0,0.00010454418,test
-10000010269036,0,0,0.03535168,train
-10000010269038,0,0,0.002474774,test
-10000010269041,0,0,3.401499e-05,test
-10000010269043,0,0,0.000255385,train
-10000010269047,0,0,0.04154161,test
-10000010269054,0,0,0.0060022413,test
-10000010269057,0,0,5.066317e-05,train
-10000010269060,0,0,5.601009e-05,train
-10000010269061,0,1,0.6701764,train
-10000010269064,0,0,8.813828e-05,train
-10000010269070,0,0,0.00011322541,test
-10000010269072,0,0,5.546602e-05,train
-10000010269076,0,0,6.547881e-05,train
-10000010269080,0,0,3.6707526e-05,train
-10000010269085,0,0,0.027132453,test
-10000010269102,0,1,0.6185929,test
-10000010269103,0,0,2.1664668e-05,train
-10000010269105,0,0,0.0050090556,train
-10000010269109,0,0,5.900411e-05,test
-10000010269114,0,0,7.408698e-05,train
-10000010269122,0,0,0.010025618,train
-10000010269126,1,1,0.99358034,train
-10000010269127,0,0,0.0019449735,train
-10000010269128,0,0,0.20363645,train
-10000010269130,0,0,0.000125316,train
-10000010269133,0,0,0.002314067,train
-10000010269142,1,1,0.98044133,train
-10000010269144,0,0,0.0060647987,test
-10000010269145,0,0,0.1558724,train
-10000010269149,0,0,7.6040815e-05,test
-10000010269154,0,0,0.0058534835,train
-10000010269155,0,1,0.8074298,test
-10000010269158,0,0,1.7125463e-05,train
-10000010269162,0,0,0.16425437,train
-10000010269169,0,0,3.6561323e-05,train
-10000010269176,0,0,0.005186159,train
-10000010269177,0,0,0.0027594233,train
-10000010269179,0,0,0.004664888,train
-10000010269187,0,0,0.0427493,train
-10000010269197,0,0,4.106763e-05,train
-10000010269199,0,0,0.024261214,train
-10000010269209,0,0,5.353144e-05,test
-10000010269213,0,0,4.201202e-05,train
-10000010269212,0,0,0.00015478669,train
-10000010269214,0,0,0.0001683775,train
-10000010269215,0,0,0.00023787649,test
-10000010269229,0,0,0.020960968,train
-10000010269230,0,0,0.001355769,train
-10000010269231,0,0,4.879483e-05,train
-10000010269233,0,0,0.15143894,train
-10000010269237,0,1,0.8729273,test
-10000010269241,0,0,1.6137503e-05,train
-10000010269242,1,1,0.9292866,train
-10000010269245,0,0,4.5222743e-05,train
-10000010269246,0,0,0.0035313426,test
-10000010269249,0,0,0.00013362143,train
-10000010269250,0,0,0.331422,train
-10000010269253,1,1,0.890742,train
-10000010269254,1,1,0.99695563,train
-10000010269256,0,0,0.00020398559,train
-10000010269257,0,0,0.034945466,test
-10000010269264,0,0,6.908092e-05,train
-10000010269266,0,0,4.5909288e-05,train
-10000010269268,0,0,0.012828905,train
-10000010269271,0,0,0.014778346,test
-10000010269274,0,0,0.00020767449,test
-10000010269277,0,0,0.00029710293,train
-10000010269286,0,0,0.000113157635,train
-10000010269283,0,0,0.0020210268,test
-10000010269276,0,0,0.34756577,train
-10000010269273,0,0,4.3586395e-05,test
-10000010269280,0,0,0.02618569,train
-10000010269288,1,1,0.98895556,train
-10000010269292,0,0,1.0523941e-05,test
-10000010269301,0,0,0.004798217,train
-10000010269302,0,0,0.000149903,train
-10000010269307,0,0,1.1592265e-05,test
-10000010269311,0,0,0.08895014,train
-10000010269315,0,0,0.020706663,train
-10000010269319,0,0,0.31493473,train
-10000010269321,0,0,0.00015192217,train
-10000010269324,0,0,0.00019303935,test
-10000010269331,0,0,0.012357633,train
-10000010269332,1,1,0.9776928,train
-10000010269347,0,0,5.1648516e-05,train
-10000010269348,0,0,0.00045122785,train
-10000010269355,0,0,6.826814e-05,train
-10000010269361,0,1,0.50366455,train
-10000010269362,0,0,0.00011605848,train
-10000010269364,0,0,0.0014197883,train
-10000010269366,0,0,0.028087914,test
-10000010269374,0,0,0.118850015,test
-10000010269375,0,0,0.00011214948,train
-10000010269376,1,1,0.96805745,train
-10000010269378,0,0,1.4349254e-05,test
-10000010269384,0,0,0.0021532532,train
-10000010269393,0,0,0.008243217,train
-10000010269394,0,0,6.570787e-05,train
-10000010269395,0,0,0.00011150019,train
-10000010269396,0,1,0.6125299,train
-10000010269406,0,0,0.06549041,train
-10000010269419,0,0,0.00010780935,train
-10000010269426,0,0,3.6984344e-05,train
-10000010269436,1,1,0.9676925,test
-10000010269442,0,0,6.826814e-05,train
-10000010269446,0,0,5.7590987e-05,train
-10000010269448,0,0,0.16306844,train
-10000010269447,0,0,0.00022959425,train
-10000010269454,0,0,0.050909936,test
-10000010269456,0,0,0.01937593,train
-10000010269461,0,0,0.0016785124,train
-10000010269464,0,0,0.00023954979,train
-10000010269466,0,0,8.470726e-05,train
-10000010269469,0,0,0.00011431996,train
-10000010269471,0,0,2.6368076e-05,train
-10000010269474,1,1,0.921428,train
-10000010269475,0,0,0.24823943,train
-10000010269476,0,0,6.9481874e-05,train
-10000010269482,0,0,0.019675361,train
-10000010269486,0,0,0.019731903,test
-10000010269491,0,0,0.0013945318,train
-10000010269492,1,1,0.88909787,train
-10000010269497,0,0,0.16606513,train
-10000010269504,0,0,0.00028767737,train
-10000010269506,0,0,0.0007895473,train
-10000010269507,0,0,0.20674816,test
-10000010269510,1,1,0.98320967,train
-10000010269515,0,0,0.0001736504,train
-10000010269517,0,0,0.00019491272,train
-10000010269516,0,0,2.9011862e-05,train
-10000010269519,0,0,7.30196e-05,train
-10000010269536,0,0,0.0035027561,train
-10000010269535,0,0,0.00013547273,train
-10000010269539,0,0,0.0016407483,train
-10000010269542,0,0,2.5541804e-05,train
-10000010269543,0,0,0.00024594238,train
-10000010269547,0,0,9.4187024e-05,train
-10000010269549,0,1,0.98001236,test
-10000010269554,1,1,0.887717,train
-10000010269557,0,0,0.00037552058,train
-10000010269559,0,0,0.3150385,train
-10000010269561,0,0,0.00011547672,train
-10000010269564,0,0,0.0105717555,train
-10000010269569,0,0,0.00030658222,test
-10000010269570,0,0,0.0039896416,train
-10000010269571,0,0,0.0936284,test
-10000010269573,0,0,0.00032873152,train
-10000010269575,0,0,4.7435424e-05,test
-10000010269576,0,0,0.000106912434,test
-10000010269582,0,1,0.92825717,train
-10000010269585,0,0,9.049777e-05,test
-10000010269587,0,0,0.05482556,train
-10000010269589,0,0,5.0074865e-05,train
-10000010269592,0,0,4.833919e-05,train
-10000010269599,0,0,0.001038975,train
-10000010269601,0,0,7.4828815e-05,train
-10000010269605,1,1,0.74367106,test
-10000010269607,0,0,6.322395e-05,train
-10000010269609,0,0,0.011133425,train
-10000010269616,0,0,8.54263e-05,train
-10000010269619,0,0,3.9600127e-05,train
-10000010269623,0,0,0.0003171146,test
-10000010269625,0,0,5.192433e-05,train
-10000010269627,0,0,0.024465868,test
-10000010269630,0,0,0.010698753,test
-10000010269632,0,0,7.538194e-05,train
-10000010269633,0,0,0.012542127,train
-10000010269636,0,0,0.00011132458,test
-10000010269638,0,0,0.057562303,train
-10000010269639,0,0,0.28447676,test
-10000010269641,0,0,0.008530027,train
-10000010269640,0,0,0.00025672626,train
-10000010269644,0,0,4.732766e-05,train
-10000010269658,0,0,0.0048167896,train
-10000010269660,0,0,0.00016243503,train
-10000010269676,0,0,0.00012313305,train
-10000010269681,0,0,0.122423515,train
-10000010269684,0,0,5.305079e-05,train
-10000010269685,0,0,0.2762285,train
-10000010269688,1,1,0.9918435,train
-10000010269689,0,0,0.00053289556,train
-10000010269697,0,0,0.00053708744,train
-10000010269707,0,0,6.826814e-05,train
-10000010269711,1,1,0.99117273,train
-10000010269716,0,0,8.2322855e-05,train
-10000010269717,0,0,0.0002001285,train
-10000010269720,0,0,0.06302287,train
-10000010269721,0,0,0.00015939341,train
-10000010269722,0,0,0.000121388424,train
-10000010269730,0,0,0.06662803,train
-10000010269737,0,0,4.144157e-05,train
-10000010269736,0,0,0.007403245,train
-10000010269739,0,0,0.00013015723,train
-10000010269742,0,0,4.8763573e-05,train
-10000010269745,0,0,0.00013861842,train
-10000010269749,0,0,0.12008453,train
-10000010269752,0,0,0.000102824066,test
-10000010269753,0,0,3.51615e-05,train
-10000010269755,0,0,3.887305e-05,train
-10000010269758,0,0,0.012894227,train
-10000010269760,0,0,0.044811133,train
-10000010269766,0,0,0.0016296386,train
-10000010269769,0,0,0.0017098376,train
-10000010269768,0,0,2.6717507e-05,train
-10000010269773,0,0,0.040211592,train
-10000010269774,0,0,3.718575e-05,test
-10000010269777,0,0,9.407357e-05,test
-10000010269778,1,1,0.9654781,train
-10000010269779,0,0,0.07060105,train
-10000010269783,1,1,0.99916184,test
-10000010269784,0,0,4.879083e-05,train
-10000010269790,0,0,6.3430605e-05,train
-10000010269800,0,0,0.026600014,train
-10000010269811,0,0,6.023289e-05,train
-10000010269812,0,0,5.955658e-05,test
-10000010269814,0,0,0.00058339245,test
-10000010269815,0,0,0.00065011694,test
-10000010269817,0,0,0.0005782951,train
-10000010269819,0,0,0.46835536,train
-10000010269823,0,0,0.00022386757,train
-10000010269826,0,0,0.00045200618,train
-10000010269827,0,0,0.0031015966,train
-10000010269829,0,0,0.00028894647,train
-10000010269834,0,0,0.00011486982,train
-10000010269836,0,0,0.000121904486,train
-10000010269840,0,0,6.9147674e-05,train
-10000010269841,1,1,0.9044701,train
-10000010269844,0,0,3.632292e-05,train
-10000010269855,0,0,0.00011743433,train
-10000010269857,0,0,0.3580881,train
-10000010269860,0,0,8.3436265e-05,train
-10000010269863,1,1,0.96602136,train
-10000010269875,0,0,3.622644e-05,train
-10000010269877,0,0,2.615001e-05,train
-10000010269884,0,0,0.00010387947,train
-10000010269885,1,1,0.9772489,train
-10000010269887,0,0,0.00013832384,train
-10000010269888,0,0,0.000115001676,train
-10000010269891,1,1,0.9270389,train
-10000010269898,0,0,0.000114347,train
-10000010269903,0,0,0.0014887863,train
-10000010269910,0,0,7.402166e-05,train
-10000010269916,0,0,9.173573e-05,train
-10000010269920,0,0,0.028316902,train
-10000010269922,0,0,0.00012180014,train
-10000010269924,0,0,2.0559346e-05,train
-10000010269925,0,0,0.000141937,train
-10000010269928,0,0,5.224549e-05,test
-10000010269930,0,0,0.00020550459,train
-10000010269929,0,0,0.14687113,train
-10000010269933,0,0,6.934823e-05,test
-10000010269934,0,0,2.1150227e-05,train
-10000010269936,0,0,0.43507493,test
-10000010269937,0,0,0.0033034708,train
-10000010269938,0,0,0.018083965,train
-10000010269942,0,0,0.00788801,train
-10000010269957,0,0,1.272889e-05,train
-10000010269959,0,0,0.00021361852,train
-10000010269961,0,0,3.974063e-05,train
-10000010269962,0,0,4.273887e-05,train
-10000010269964,0,1,0.57854116,train
-10000010269968,0,0,0.008557598,train
-10000010269970,0,0,0.016237965,test
-10000010269972,0,0,0.00012749655,train
-10000010269974,0,0,0.00012676629,train
-10000010269980,0,0,7.046925e-05,train
-10000010269982,0,0,0.38910252,train
-10000010269990,0,0,0.00016937457,train
-10000010269991,0,0,0.12941961,train
-10000010269992,0,0,9.6089214e-05,train
-10000010269994,0,0,3.2536464e-05,test
-10000010269995,0,0,0.12657441,test
-10000010269997,0,0,3.0029523e-05,train
-10000010269999,0,0,0.00011404873,train
-10000010270001,0,0,0.00271791,train
-10000010270003,0,0,5.2444164e-05,train
-10000010270005,0,0,0.0014402034,test
-10000010270007,0,0,3.3054625e-05,train
-10000010270012,0,0,3.496832e-05,train
-10000010270017,0,0,0.0005517714,train
-10000010270025,0,1,0.7838688,train
-10000010270026,0,0,0.00019455029,train
-10000010270034,0,0,0.000112316746,train
-10000010270037,0,0,0.00012046651,train
-10000010270040,0,1,0.6641956,test
-10000010270046,0,0,0.0024036705,train
-10000010270049,0,0,0.02187967,train
-10000010270055,0,0,0.00050251797,train
-10000010270062,0,0,8.604479e-05,test
-10000010270064,0,0,0.00017152182,train
-10000010270065,0,0,3.7814025e-05,train
-10000010270073,1,1,0.98226637,train
-10000010270075,0,0,7.202629e-05,train
-10000010270084,0,0,0.03352654,train
-10000010270085,0,0,2.2083594e-05,train
-10000010270099,0,0,0.0023762647,test
-10000010270108,0,0,0.00019417983,train
-10000010270109,0,0,7.309219e-05,train
-10000010270110,0,1,0.8641938,train
-10000010270116,0,0,0.0001515762,test
-10000010270117,1,1,0.92961586,test
-10000010270119,0,0,0.0042515015,train
-10000010270125,0,0,0.022059456,train
-10000010270126,0,0,0.08471986,train
-10000010270130,0,0,0.000239635,train
-10000010270135,0,0,4.388381e-05,train
-10000010270137,0,0,0.046196315,train
-10000010270138,0,0,7.81038e-05,test
-10000010270146,0,0,0.0005303975,train
-10000010270147,0,0,0.31879,train
-10000010270154,0,0,6.718028e-05,train
-10000010270161,0,0,0.0024817833,train
-10000010270169,0,0,0.0029168453,test
-10000010270173,0,0,0.024877869,test
-10000010270174,0,0,3.6970236e-05,train
-10000010270186,0,0,0.0011261635,train
-10000010270191,0,1,0.5397385,train
-10000010270197,0,0,0.006863222,train
-10000010270198,0,1,0.9039131,train
-10000010270205,0,0,0.055704735,train
-10000010270209,1,1,0.97156984,train
-10000010270210,0,0,6.934823e-05,test
-10000010270213,0,0,2.6985663e-05,test
-10000010270214,0,0,0.0001519,train
-10000010270218,0,0,0.00029934396,test
-10000010270221,1,1,0.98402023,train
-10000010270225,1,1,0.97137266,train
-10000010270227,0,0,0.0001495572,train
-10000010270235,0,0,8.0038684e-05,test
-10000010270246,0,0,0.0040893126,train
-10000010270257,0,0,0.006599018,train
-10000010270263,0,0,0.029997993,train
-10000010270265,0,0,0.0057368954,train
-10000010270274,0,0,0.00011071143,train
-10000010270281,0,0,0.03815767,train
-10000010270284,0,0,9.795424e-05,train
-10000010270288,0,0,3.8618397e-05,test
-10000010270290,0,0,0.15851517,train
-10000010270292,0,0,6.5888766e-05,train
-10000010270293,0,0,0.00010602945,train
-10000010270294,0,0,0.000119503624,train
-10000010270295,0,0,6.8409885e-05,train
-10000010270296,0,0,0.00011548597,test
-10000010270297,1,1,0.9423818,train
-10000010270307,0,0,1.7912282e-05,test
-10000010270311,0,0,4.211857e-05,train
-10000010270319,0,0,6.204097e-05,train
-10000010270330,1,1,0.99811625,train
-10000010270332,0,0,0.003955898,test
-10000010270334,0,0,1.1122987e-05,train
-10000010270335,0,0,0.0037513946,train
-10000010270337,0,0,0.09576481,test
-10000010270338,0,0,0.04136677,train
-10000010270344,0,0,0.0032954076,train
-10000010270345,1,1,0.7499227,train
-10000010270350,0,0,4.5530363e-05,test
-10000010270348,0,0,0.00022523868,train
-10000010270356,0,0,0.002742804,train
-10000010270357,0,0,0.011007848,test
-10000010270360,0,0,0.0011547226,train
-10000010270363,0,1,0.6775309,test
-10000010270365,0,0,6.610331e-05,train
-10000010270373,0,0,0.00011539417,train
-10000010270378,0,0,2.5234347e-05,train
-10000010270379,0,1,0.7526627,train
-10000010270380,0,0,4.632873e-05,train
-10000010270382,0,0,6.941002e-05,train
-10000010270383,0,0,6.848737e-05,train
-10000010270385,0,0,6.114036e-05,train
-10000010270386,0,0,2.8658125e-05,train
-10000010270388,0,0,0.00025798377,train
-10000010270391,1,1,0.99802125,train
-10000010270394,0,0,0.2188594,train
-10000010270396,0,0,6.547881e-05,train
-10000010270402,0,0,0.001952481,train
-10000010270407,0,0,9.347863e-05,test
-10000010270414,0,0,5.659095e-05,train
-10000010270420,0,0,0.03972113,train
-10000010270421,0,0,4.9975304e-05,train
-10000010270422,1,1,0.98333067,train
-10000010270426,0,0,0.058448043,train
-10000010270425,0,0,0.004796728,train
-10000010270429,0,0,5.6547735e-05,test
-10000010270436,0,0,0.00020467605,test
-10000010270437,0,0,7.2311894e-05,train
-10000010270441,0,0,0.000121442026,train
-10000010270446,0,1,0.7085151,train
-10000010270451,0,0,2.6194564e-05,train
-10000010270466,0,1,0.68797344,train
-10000010270470,0,0,0.0003611369,train
-10000010270494,0,0,0.22376572,train
-10000010270495,0,0,0.40531662,train
-10000010270496,0,0,0.28378835,train
-10000010270498,0,0,0.076818906,train
-10000010270507,0,0,4.0585095e-05,train
-10000010270510,0,0,0.01922615,train
-10000010270511,0,0,0.04717871,train
-10000010270515,0,0,2.0150956e-05,test
-10000010270518,0,0,8.499823e-05,train
-10000010270519,0,0,2.0452962e-05,train
-10000010270523,0,0,4.6149173e-05,train
-10000010270529,0,0,7.152971e-05,train
-10000010270532,0,0,4.425359e-05,train
-10000010270533,0,0,0.009501595,test
-10000010270534,0,1,0.7302441,train
-10000010270554,0,0,0.00011745863,train
-10000010270562,1,1,0.9084204,train
-10000010270566,0,0,0.00034803376,train
-10000010270570,1,1,0.9299522,train
-10000010270572,0,0,0.010944722,train
-10000010270574,0,0,0.3572928,test
-10000010270578,0,0,5.6951998e-05,train
-10000010270579,0,0,3.101253e-05,train
-10000010270580,0,0,0.0003353781,train
-10000010270588,0,0,0.11886652,train
-10000010270592,0,0,0.0003629854,train
-10000010270597,0,0,0.37508917,train
-10000010270598,1,1,0.9927227,train
-10000010270602,1,1,0.9811802,train
-10000010270611,1,0,0.3019121,test
-10000010270614,0,0,0.00024083062,train
-10000010270615,0,0,0.17924269,train
-10000010270622,0,0,0.00012463934,train
-10000010270626,1,1,0.9994424,train
-10000010270628,1,1,0.9826868,test
-10000010270629,0,0,9.6345386e-05,train
-10000010270630,0,0,0.00010756197,train
-10000010270633,0,0,0.00024037984,train
-10000010270636,0,1,0.626638,train
-10000010270642,0,0,0.07586507,train
-10000010270660,0,0,0.004817348,train
-10000010270669,0,0,0.00015551173,train
-10000010270671,0,0,2.8925586e-05,test
-10000010270675,0,0,6.547881e-05,train
-10000010270676,0,0,0.0001941702,train
-10000010270677,0,0,2.2529863e-05,test
-10000010270688,0,0,0.0035338472,train
-10000010270691,0,0,5.9667374e-05,train
-10000010270695,0,0,6.873979e-05,train
-10000010270697,0,0,0.00041008944,test
-10000010270701,0,0,0.24185921,train
-10000010270704,0,0,0.0005103316,train
-10000010270707,0,0,0.11765202,test
-10000010270714,0,0,5.018319e-05,test
-10000010270718,0,0,0.011493724,train
-10000010270721,1,1,0.8316592,test
-10000010270725,0,0,0.078936666,train
-10000010270727,0,0,0.32094565,test
-10000010270733,0,0,0.0001233727,train
-10000010270735,0,1,0.7859729,train
-10000010270736,0,0,0.31025887,train
-10000010270743,0,0,0.23957884,train
-10000010270749,1,1,0.9794993,train
-10000010270751,0,0,0.000121863806,train
-10000010270753,0,0,0.00045022715,train
-10000010270759,0,1,0.94427174,train
-10000010270763,1,1,0.9614005,test
-10000010270767,0,0,0.0043746936,train
-10000010270777,0,0,0.0060783834,test
-10000010270778,0,0,4.313897e-05,train
-10000010270780,0,0,0.00043015156,train
-10000010270781,0,0,2.0809923e-05,train
-10000010270785,0,0,0.4158074,train
-10000010270788,0,0,6.760617e-05,train
-10000010270789,0,0,0.0036423474,train
-10000010270792,0,0,0.05116977,train
-10000010270793,0,0,3.06219e-05,train
-10000010270796,0,0,0.00790765,train
-10000010270797,0,0,6.957145e-05,train
-10000010270804,0,0,0.00017432861,train
-10000010270807,0,0,0.00054491946,train
-10000010270809,0,0,0.1891863,test
-10000010270811,0,0,9.294904e-05,train
-10000010270812,0,0,0.0001815534,train
-10000010270813,0,0,7.0434384e-05,train
-10000010270814,0,0,7.965448e-05,train
-10000010270816,0,0,0.00085187523,train
-10000010270817,0,0,2.033367e-05,train
-10000010270819,1,1,0.84883106,train
-10000010270821,0,0,0.00085437327,train
-10000010270823,1,1,0.987845,train
-10000010270827,0,0,0.10751096,test
-10000010270831,1,0,0.2914603,test
-10000010270832,0,0,0.19291516,train
-10000010270839,1,1,0.9637522,train
-10000010270841,0,0,1.5283007e-05,train
-10000010270843,0,0,0.0068278695,train
-10000010270845,0,0,0.08179543,train
-10000010270846,0,0,0.00010724163,train
-10000010270848,0,0,4.3939755e-05,test
-10000010270852,0,0,0.07835217,train
-10000010270860,0,0,5.51094e-05,train
-10000010270861,0,0,0.0033281487,train
-10000010270865,0,0,0.060293913,train
-10000010270869,0,0,0.34683627,train
-10000010270878,0,0,0.02239706,train
-10000010270879,0,0,2.6015967e-05,train
-10000010270885,0,0,5.546602e-05,train
-10000010270886,1,1,0.81421816,train
-10000010270891,0,0,0.01952042,train
-10000010270897,0,0,3.9232324e-05,test
-10000010270901,0,0,0.0002811926,train
-10000010270905,0,0,7.257573e-05,train
-10000010270913,0,0,0.0010679842,train
-10000010270930,0,0,0.0002456902,train
-10000010270934,0,0,0.00018151516,train
-10000010270936,0,0,0.1359744,train
-10000010270937,0,0,6.652828e-05,train
-10000010270939,0,0,0.09858804,train
-10000010270940,0,0,0.0038148565,train
-10000010270941,0,1,0.6964475,train
-10000010270942,0,0,6.619717e-05,train
-10000010270945,0,0,0.0056968946,train
-10000010270946,0,0,3.0633117e-05,test
-10000010270952,0,0,7.2169365e-05,train
-10000010270957,0,0,6.826814e-05,train
-10000010270958,0,0,0.0010703875,train
-10000010270966,0,0,0.001703106,train
-10000010270968,0,0,0.10319575,train
-10000010270971,0,0,0.015779005,train
-10000010270981,0,0,3.4730536e-05,train
-10000010270982,0,0,0.00015165137,train
-10000010270996,1,1,0.99235994,train
-10000010270999,1,1,0.9994562,train
-10000010271002,0,0,0.0011620546,train
-10000010271013,1,1,0.9986457,train
-10000010271015,1,1,0.95025134,test
-10000010271026,0,0,0.0136461705,test
-10000010271050,0,1,0.7005696,train
-10000010271058,1,1,0.98691756,train
-10000010271062,0,0,0.00781289,test
-10000010271072,0,0,0.02629432,train
-10000010271074,0,1,0.6297091,train
-10000010271093,1,1,0.97078663,train
-10000010271098,0,0,0.06227731,train
-10000010271099,1,1,0.9456202,train
-10000010271102,1,1,0.9874772,train
-10000010271111,0,0,0.0025869308,train
-10000010271112,0,0,0.013591718,train
-10000010271113,0,0,0.04661133,train
-10000010271116,0,0,0.0001472848,train
-10000010271121,0,0,1.9746327e-05,train
-10000010271125,0,1,0.5778829,train
-10000010271128,0,0,0.00026209358,train
-10000010271134,0,0,0.002980531,train
-10000010271147,0,0,8.1492275e-05,train
-10000010271150,0,0,0.23190078,train
-10000010271152,0,0,0.00019781494,train
-10000010271154,0,0,6.1543105e-05,train
-10000010271155,0,0,0.0001420873,train
-10000010271157,0,0,5.8145142e-05,train
-10000010271158,0,0,0.0018873448,test
-10000010271162,0,0,0.032895327,train
-10000010271163,0,0,0.30307087,train
-10000010271171,0,0,0.00019124502,train
-10000010271175,0,0,0.4400621,train
-10000010271179,0,0,0.00084070786,train
-10000010271182,0,0,0.0001464606,train
-10000010271183,1,1,0.98070174,train
-10000010271187,0,0,0.079445,train
-10000010271193,0,0,0.00054334744,train
-10000010271196,0,0,0.001928262,test
-10000010271200,0,0,7.9354395e-05,train
-10000010271201,0,0,4.6190427e-05,train
-10000010271202,0,0,5.968052e-05,train
-10000010271212,0,0,8.294118e-05,train
-10000010271214,0,0,0.0024203346,train
-10000010271222,0,0,2.7941205e-05,train
-10000010271229,0,0,6.568814e-05,train
-10000010271230,1,1,0.9982845,train
-10000010271236,0,1,0.5792311,train
-10000010271241,0,0,0.04276724,train
-10000010271244,0,0,1.0020714e-05,test
-10000010271254,0,0,0.00017362855,train
-10000010271257,0,0,0.03162559,train
-10000010271265,0,0,0.0002752387,train
-10000010271266,0,0,0.00015713257,train
-10000010271273,0,0,6.122607e-05,train
-10000010271274,0,0,2.0252543e-05,train
-10000010271277,0,0,3.8184808e-05,test
-10000010271279,0,0,0.0014024109,train
-10000010271280,0,0,0.19091836,train
-10000010271281,1,1,0.99862874,train
-10000010271283,0,0,0.35698545,train
-10000010271287,0,0,0.00010133276,train
-10000010271288,0,0,0.03057769,test
-10000010271290,0,0,0.0004827869,train
-10000010271292,0,0,4.3768247e-05,train
-10000010271294,0,0,1.1387323e-05,train
-10000010271300,0,0,0.00018215511,train
-10000010271301,0,1,0.53315496,train
-10000010271299,0,0,0.0058797332,train
-10000010271303,0,0,0.0014504803,test
-10000010271304,0,0,0.00013068304,train
-10000010271306,0,0,5.7728394e-05,test
-10000010271310,0,1,0.7797971,train
-10000010271321,0,0,6.693765e-05,train
-10000010271320,0,0,0.00025217183,train
-10000010271322,1,1,0.9730304,train
-10000010271326,0,0,0.3213471,test
-10000010271327,0,0,0.0001567178,train
-10000010271328,0,0,3.2018153e-05,train
-10000010271329,0,0,0.0012067201,train
-10000010271338,0,0,0.00017140737,test
-10000010271339,0,0,0.051185448,train
-10000010271341,0,0,0.031896822,test
-10000010271351,0,0,0.22097005,train
-10000010271352,1,1,0.73909616,train
-10000010271353,0,1,0.82432055,train
-10000010271354,0,0,5.6053264e-05,train
-10000010271361,0,0,0.21063043,train
-10000010271362,0,0,9.8396486e-05,train
-10000010271363,0,0,0.00020590764,train
-10000010271364,0,0,5.2435462e-05,test
-10000010271369,0,0,0.0077584437,train
-10000010271379,0,0,0.00032229265,train
-10000010271381,0,0,0.00018072902,train
-10000010271384,0,0,0.041449558,train
-10000010271389,1,1,0.98142964,train
-10000010271390,0,0,5.261789e-05,train
-10000010271395,0,0,7.166126e-05,train
-10000010271397,0,0,0.02357468,test
-10000010271399,0,0,3.1564792e-05,train
-10000010271400,1,1,0.7596786,test
-10000010271401,0,0,0.105720855,train
-10000010271402,0,0,8.439539e-05,train
-10000010271406,0,0,0.018274674,train
-10000010271407,0,0,0.00011173488,train
-10000010271415,0,0,0.00013794082,train
-10000010271418,1,1,0.99099416,train
-10000010271423,1,1,0.9794948,train
-10000010271424,0,0,0.008745173,test
-10000010271426,0,0,0.26274067,train
-10000010271432,0,0,0.0070560738,train
-10000010271439,1,1,0.9448152,train
-10000010271444,1,1,0.9905048,train
-10000010271449,0,0,0.00028247325,train
-10000010271453,0,0,2.612531e-05,test
-10000010271459,0,0,0.0014740763,train
-10000010271478,0,0,3.9117032e-05,train
-10000010271481,0,0,0.00036198844,test
-10000010271484,0,0,0.0005556338,train
-10000010271485,0,0,0.16238473,train
-10000010271487,0,0,0.00020785931,train
-10000010271488,1,1,0.9435479,train
-10000010271491,0,0,0.00012751612,train
-10000010271496,1,1,0.7505843,train
-10000010271498,0,0,0.27254683,train
-10000010271499,0,1,0.6046804,test
-10000010271511,0,0,6.276871e-05,train
-10000010271517,0,0,2.4892675e-05,test
-10000010271520,0,0,0.0004594988,train
-10000010271527,0,0,0.16791074,train
-10000010271528,0,0,0.0006313304,train
-10000010271530,0,0,0.08710341,test
-10000010271531,0,1,0.53768057,train
-10000010271534,0,0,6.2151055e-05,train
-10000010271535,0,0,0.02485419,train
-10000010271537,0,0,2.8368942e-05,train
-10000010271540,0,0,0.007836828,train
-10000010271555,0,0,0.00013519295,train
-10000010271557,0,0,8.7178174e-05,train
-10000010271560,1,1,0.98969066,test
-10000010271562,0,0,0.00020820583,train
-10000010271563,0,0,0.038895268,test
-10000010271567,0,0,0.17604554,train
-10000010271574,0,0,9.6760625e-05,train
-10000010271577,0,0,0.017580869,test
-10000010271579,0,0,0.02380076,train
-10000010271591,0,0,0.0012156513,train
-10000010271592,0,0,0.0002477976,train
-10000010271593,0,0,0.00012610499,train
-10000010271595,0,0,0.0062171197,train
-10000010271602,0,0,9.893041e-05,train
-10000010271605,0,0,0.20242456,train
-10000010271606,0,0,0.29205135,train
-10000010271608,0,0,7.0995164e-05,train
-10000010271615,0,0,4.7072044e-05,train
-10000010271618,1,1,0.97273356,train
-10000010271617,0,0,0.0014334524,train
-10000010271620,0,0,9.049777e-05,test
-10000010271626,0,0,0.0023389605,train
-10000010271627,0,0,0.00014070922,train
-10000010271628,0,0,0.000102610735,train
-10000010271629,0,1,0.79455286,test
-10000010271637,0,0,0.0011533805,train
-10000010271643,0,0,0.0047560646,train
-10000010271646,0,0,6.0487542e-05,test
-10000010271647,1,1,0.9994542,train
-10000010271653,0,0,0.19268903,train
-10000010271654,0,0,1.4113582e-05,train
-10000010271658,0,0,0.00017912358,test
-10000010271666,0,0,3.5588615e-05,train
-10000010271677,0,0,6.570787e-05,train
-10000010271680,0,0,6.826814e-05,test
-10000010271681,1,1,0.7646295,test
-10000010271686,0,0,0.022912627,train
-10000010271690,0,0,8.201703e-05,train
-10000010271689,0,0,0.05767425,train
-10000010271697,0,0,0.00011988963,train
-10000010271700,0,0,0.0009182802,train
-10000010271702,1,1,0.9991079,train
-10000010271708,0,0,4.4078042e-05,train
-10000010271709,0,0,0.00034288477,train
-10000010271715,0,0,7.061819e-05,train
-10000010271716,0,1,0.5130504,test
-10000010271721,0,0,0.010725282,train
-10000010271725,0,0,0.1481138,train
-10000010271736,0,0,0.00032868673,train
-10000010271737,0,0,8.6518456e-05,train
-10000010271738,0,0,0.00013973011,train
-10000010271741,0,0,7.286198e-05,train
-10000010271745,0,1,0.841086,train
-10000010271746,0,0,8.7821325e-05,train
-10000010271747,0,0,0.00029833365,train
-10000010271749,0,0,0.00012212718,train
-10000010271754,0,0,0.011464554,test
-10000010271755,0,0,0.00017711292,train
-10000010271763,0,0,9.639262e-05,train
-10000010271765,1,1,0.985721,train
-10000010271768,0,0,0.00034336856,train
-10000010271770,0,0,5.72504e-05,train
-10000010271771,0,0,0.0001683775,train
-10000010271783,0,0,0.00010639468,train
-10000010271786,0,0,9.4791074e-05,test
-10000010271787,0,0,0.069532074,train
-10000010271796,0,0,0.02629984,train
-10000010271805,0,0,3.5828518e-05,train
-10000010271813,0,0,9.606073e-05,train
-10000010271822,0,0,6.053682e-05,train
-10000010271827,0,0,0.00015542605,train
-10000010271833,0,1,0.8256168,train
-10000010271835,0,0,0.00032938688,train
-10000010271843,1,1,0.9519153,train
-10000010271845,0,0,0.23152474,test
-10000010271846,0,0,3.1027615e-05,test
-10000010271847,0,0,0.00022313897,train
-10000010271848,0,0,0.0016789385,train
-10000010271850,0,0,0.0005155912,train
-10000010271853,0,0,6.155244e-05,train
-10000010271857,0,0,5.11634e-05,train
-10000010271856,0,0,2.9022045e-05,train
-10000010271863,0,0,7.352414e-05,train
-10000010271861,0,0,0.003913695,test
-10000010271865,1,1,0.99149066,test
-10000010271874,0,0,8.0673e-05,train
-10000010271885,0,0,0.00032706535,test
-10000010271886,0,1,0.8704421,train
-10000010271887,0,0,6.901198e-05,train
-10000010271890,0,0,0.027954709,test
-10000010271893,0,0,1.1387323e-05,train
-10000010271895,0,0,0.0019068379,train
-10000010271896,0,0,0.0003289996,test
-10000010271902,0,0,0.00017483065,train
-10000010271903,0,0,0.00024680095,train
-10000010271905,0,0,0.000110653695,train
-10000010271912,0,0,0.015037747,train
-10000010271914,0,0,0.031900696,train
-10000010271916,0,1,0.69877017,train
-10000010271921,0,0,0.004125982,train
-10000010271922,1,1,0.98342395,test
-10000010271923,0,0,0.00224849,test
-10000010271927,0,0,0.0005506733,test
-10000010271929,0,0,5.499432e-05,train
-10000010271934,0,0,0.07813152,test
-10000010271937,0,0,6.3082545e-05,train
-10000010271939,0,0,0.10395148,test
-10000010271953,0,0,0.000105113955,train
-10000010271952,0,0,0.2028908,test
-10000010271959,0,0,0.00010385005,train
-10000010271965,0,0,0.00015933371,train
-10000010271971,0,0,4.327131e-05,train
-10000010271977,1,1,0.9535255,train
-10000010271980,0,0,1.7477872e-05,test
-10000010271982,0,0,7.203556e-05,test
-10000010271984,0,0,4.995362e-05,train
-10000010271990,0,0,2.0266434e-05,train
-10000010271995,0,0,0.02436565,test
-10000010271998,0,0,9.271516e-05,train
-10000010272007,0,0,0.0003215889,train
-10000010272008,0,0,0.00034490103,train
-10000010272010,0,0,0.00038395374,test
-10000010272015,0,0,0.09851284,train
-10000010272016,0,0,0.16461374,train
-10000010272017,0,0,0.0003157453,train
-10000010272033,0,0,0.0017062284,train
-10000010272035,1,1,0.99153847,train
-10000010272041,0,0,0.018877268,train
-10000010272047,0,1,0.9919882,test
-10000010272051,0,0,0.00025820918,train
-10000010272054,0,0,0.0011880809,test
-10000010272053,0,0,0.0001595432,train
-10000010272057,0,0,6.991642e-05,train
-10000010272058,0,0,0.026907753,train
-10000010272059,0,0,0.1408906,train
-10000010272062,0,0,0.0054997727,train
-10000010272071,0,0,0.012548045,test
-10000010272074,0,0,3.337492e-05,train
-10000010272076,0,0,0.0015450721,train
-10000010272079,0,0,7.063173e-05,train
-10000010272080,0,0,0.0012523488,train
-10000010272081,0,0,0.02593384,train
-10000010272083,0,0,5.9734724e-05,test
-10000010272094,0,0,3.1378204e-05,test
-10000010272099,0,0,0.0039913133,train
-10000010272103,0,0,0.0002311401,train
-10000010272109,0,0,7.107184e-05,train
-10000010272111,0,0,0.39049685,test
-10000010272117,1,1,0.88763446,train
-10000010272140,0,0,0.00010506616,train
-10000010272150,0,0,6.570787e-05,test
-10000010272154,0,1,0.93126965,test
-10000010272157,0,0,0.00026359872,train
-10000010272159,0,0,3.635362e-05,train
-10000010272166,0,0,0.2898793,train
-10000010272171,0,0,1.2206671e-05,train
-10000010272179,0,0,2.2643915e-05,train
-10000010272177,0,0,0.012152224,train
-10000010272182,0,0,0.00798129,test
-10000010272191,0,1,0.96896106,test
-10000010272197,0,1,0.83238184,train
-10000010272202,0,0,2.4285506e-05,test
-10000010272207,0,0,0.00026811167,train
-10000010272213,0,0,4.964177e-05,train
-10000010272216,0,0,9.742614e-05,test
-10000010272217,1,1,0.9328123,train
-10000010272218,0,0,0.27341563,train
-10000010272230,0,0,0.0001274579,train
-10000010272231,1,1,0.9860978,train
-10000010272235,1,1,0.991919,train
-10000010272236,0,0,0.072724186,train
-10000010272241,1,1,0.9716456,train
-10000010272249,0,0,0.01846581,train
-10000010272250,0,0,0.13487585,train
-10000010272252,0,0,0.43436548,train
-10000010272254,0,0,0.00015273644,train
-10000010272255,0,0,0.03770406,test
-10000010272257,0,0,0.007098354,train
-10000010272262,0,1,0.54265624,train
-10000010272265,0,0,0.0040592025,test
-10000010272268,0,0,0.0067112367,train
-10000010272283,0,0,4.517356e-05,train
-10000010272284,0,0,0.0009578615,train
-10000010272286,0,0,0.00019125233,test
-10000010272288,0,0,0.07283233,train
-10000010272291,0,0,6.115692e-05,test
-10000010272294,0,0,0.028452005,train
-10000010272295,0,0,3.8531434e-05,train
-10000010272297,0,0,2.5289299e-05,train
-10000010272298,0,0,3.679332e-05,test
-10000010272301,1,1,0.8350828,train
-10000010272302,0,1,0.6217576,train
-10000010272304,0,0,4.4894674e-05,train
-10000010272311,0,0,6.410694e-05,train
-10000010272322,0,0,0.0044242237,train
-10000010272324,1,1,0.9885944,train
-10000010272333,1,1,0.95310277,train
-10000010272334,0,0,2.6059346e-05,train
-10000010272337,0,0,0.00022651166,test
-10000010272338,0,0,0.2801994,train
-10000010272341,0,0,6.053682e-05,train
-10000010272342,0,0,3.5963287e-05,train
-10000010272348,0,0,0.00011963303,train
-10000010272361,0,0,0.03607551,train
-10000010272362,0,0,4.39026e-05,train
-10000010272365,0,0,0.00014802592,test
-10000010272368,0,0,0.0017612535,train
-10000010272372,0,0,0.00019814206,test
-10000010272378,0,0,0.4621123,train
-10000010272379,0,0,0.00038421756,train
-10000010272381,0,0,0.008079818,train
-10000010272389,0,0,4.032349e-05,train
-10000010272403,0,0,0.17787167,train
-10000010272405,0,0,0.0005778337,train
-10000010272408,0,0,0.00010177579,test
-10000010272418,0,0,0.00044229053,train
-10000010272420,0,0,0.015568177,train
-10000010272421,0,0,0.00013051456,train
-10000010272422,0,0,0.0019792637,train
-10000010272427,0,0,0.00026958348,train
-10000010272433,0,0,4.9066024e-05,train
-10000010272435,0,0,1.3566683e-05,train
-10000010272440,0,0,3.249854e-05,test
-10000010272447,0,0,0.00020054626,test
-10000010272450,0,0,0.00011577066,train
-10000010272451,1,1,0.9954567,train
-10000010272456,0,0,0.0001118819,train
-10000010272458,0,0,0.00023118992,train
-10000010272463,0,0,0.00021034507,train
-10000010272465,0,0,0.00013200534,train
-10000010272466,0,0,2.3113762e-05,test
-10000010272467,1,1,0.96201015,train
-10000010272468,0,0,0.0008862886,train
-10000010272469,0,0,0.0012739567,train
-10000010272476,0,0,0.14986867,train
-10000010272480,0,0,0.0018872217,train
-10000010272481,0,0,0.00012007692,train
-10000010272485,0,0,8.525743e-05,train
-10000010272489,1,1,0.92846143,train
-10000010272492,0,0,0.0014792777,train
-10000010272501,1,1,0.98286855,test
-10000010272503,1,1,0.99426794,train
-10000010272504,0,0,5.737167e-05,train
-10000010272507,1,1,0.9917275,train
-10000010272510,0,0,0.024254765,train
-10000010272511,0,0,5.046788e-05,train
-10000010272512,0,0,0.012161461,train
-10000010272518,0,0,0.019972678,test
-10000010272519,0,0,0.0076057073,train
-10000010272528,0,0,0.00026178118,train
-10000010272531,0,0,4.124912e-05,train
-10000010272532,0,0,6.0203947e-05,train
-10000010272534,0,1,0.97812885,train
-10000010272535,0,0,2.1721497e-05,train
-10000010272542,0,0,0.00022893409,test
-10000010272543,0,1,0.7186561,train
-10000010272551,0,0,0.00033700725,train
-10000010272552,0,0,0.00013076032,train
-10000010272556,0,0,0.00011488165,train
-10000010272559,1,1,0.9984504,train
-10000010272563,1,1,0.9863312,train
-10000010272569,0,0,0.0004761329,train
-10000010272570,0,0,7.3358235e-05,train
-10000010272571,0,0,0.00011532661,train
-10000010272573,1,1,0.593181,train
-10000010272576,0,0,0.00079894153,test
-10000010272580,0,0,0.00010309219,test
-10000010272583,1,1,0.99789065,train
-10000010272585,0,0,0.00028826215,train
-10000010272586,0,0,0.0001730202,train
-10000010272595,0,0,0.00037727182,train
-10000010272596,1,1,0.99159944,train
-10000010272597,0,0,9.5399635e-05,train
-10000010272607,0,0,0.00046854487,test
-10000010272613,0,0,0.07340504,train
-10000010272619,0,0,0.32636493,train
-10000010272620,0,0,3.2135038e-05,test
-10000010272624,0,0,0.0014449168,train
-10000010272628,0,0,4.4284618e-05,train
-10000010272629,0,0,6.0525446e-05,train
-10000010272632,0,0,0.00048985827,test
-10000010272638,0,0,2.7570586e-05,train
-10000010272634,0,0,3.0858002e-05,train
-10000010272641,0,0,0.010378015,train
-10000010272643,1,1,0.9908947,train
-10000010272651,0,0,9.115993e-05,train
-10000010272653,0,1,0.6577575,train
-10000010272654,0,0,7.291167e-05,train
-10000010272656,0,0,0.010750416,train
-10000010272661,0,0,0.47595382,test
-10000010272677,0,0,4.496987e-05,test
-10000010272678,0,0,0.00017484832,train
-10000010272680,0,0,3.78457e-05,test
-10000010272681,0,0,0.01501836,train
-10000010272689,0,0,0.35721552,train
-10000010272692,1,1,0.98676366,train
-10000010272694,0,0,5.3479394e-05,train
-10000010272696,0,0,0.03364941,train
-10000010272701,0,0,0.0017065931,train
-10000010272700,0,0,0.1708099,train
-10000010272710,0,0,0.017203737,train
-10000010272714,0,0,0.00041735376,train
-10000010272718,0,0,0.009664465,train
-10000010272734,0,0,1.9058285e-05,train
-10000010272738,0,0,0.081149854,train
-10000010272737,0,0,0.00027231916,test
-10000010272739,0,0,0.00021876226,train
-10000010272744,0,0,8.102958e-05,train
-10000010272745,0,0,6.332925e-05,train
-10000010272747,0,0,0.00016926625,train
-10000010272749,0,0,3.2583976e-05,train
-10000010272751,0,0,0.00012609862,train
-10000010272752,0,0,0.026018865,train
-10000010272756,0,0,0.009067891,train
-10000010272758,1,1,0.958978,train
-10000010272759,0,0,0.0002875271,train
-10000010272765,0,0,0.002198127,train
-10000010272769,0,0,6.7955145e-05,train
-10000010272773,0,0,0.002417948,test
-10000010272775,0,1,0.842017,train
-10000010272778,0,0,6.570787e-05,train
-10000010272781,0,0,0.3139252,train
-10000010272786,0,0,4.127017e-05,train
-10000010272788,0,0,2.031454e-05,train
-10000010272790,0,0,0.21161065,test
-10000010272803,0,0,3.7235677e-05,train
-10000010272805,0,0,0.00029717205,train
-10000010272807,0,0,3.537608e-05,train
-10000010272812,0,0,0.00047897734,train
-10000010272814,0,0,0.006318462,train
-10000010272823,0,0,0.00030341337,train
-10000010272828,0,0,0.00014140461,train
-10000010272831,1,1,0.9951851,train
-10000010272837,0,0,5.3681935e-05,train
-10000010272839,0,0,5.6053264e-05,train
-10000010272842,0,0,9.955339e-05,train
-10000010272851,0,0,0.0061208433,test
-10000010272856,0,0,2.0637235e-05,train
-10000010272863,0,0,4.087598e-05,train
-10000010272871,0,0,0.0051311334,test
-10000010272874,0,0,0.00037348396,train
-10000010272875,1,1,0.9403703,train
-10000010272879,0,0,0.033676196,train
-10000010272881,0,0,0.004863592,train
-10000010272885,1,1,0.9757225,train
-10000010272889,0,0,0.0015915873,train
-10000010272890,0,0,0.0015598098,train
-10000010272897,0,0,0.00012775236,train
-10000010272908,0,0,0.00044170782,train
-10000010272910,0,0,0.00018265253,train
-10000010272912,0,0,0.0001330701,train
-10000010272914,0,0,0.00031889943,train
-10000010272915,0,0,0.030677827,train
-10000010272918,0,0,0.00011708135,train
-10000010272919,0,0,0.0015623784,train
-10000010272930,1,1,0.99284357,train
-10000010272933,0,0,0.00037932472,train
-10000010272938,0,0,3.7175927e-05,train
-10000010272940,0,0,4.9231006e-05,test
-10000010272941,0,0,0.0029227466,train
-10000010272946,0,0,0.32675207,train
-10000010272950,0,1,0.96834993,test
-10000010272956,0,1,0.90126365,test
-10000010272959,0,0,0.0018401667,train
-10000010272963,0,0,0.08313704,train
-10000010272967,0,0,0.009608817,train
-10000010272972,0,0,1.7602675e-05,train
-10000010272982,0,0,0.4325301,train
-10000010272983,0,0,0.00048135276,train
-10000010272989,1,1,0.99732757,train
-10000010272990,0,0,3.397414e-05,train
-10000010272991,0,0,0.0012056464,train
-10000010272994,0,0,3.3533735e-05,train
-10000010272998,0,0,0.00030282873,train
-10000010273000,0,0,3.2573535e-05,train
-10000010273007,0,0,4.952068e-05,train
-10000010273011,0,0,5.311427e-05,train
-10000010273022,0,0,8.258193e-05,train
-10000010273024,0,0,0.0014979793,train
-10000010273027,0,0,0.07742269,test
-10000010273028,0,0,0.006539925,train
-10000010273029,0,0,0.11253589,train
-10000010273035,0,0,0.00014375852,train
-10000010273042,1,1,0.9873655,train
-10000010273054,0,1,0.63389045,train
-10000010273062,0,0,0.34310386,train
-10000010273063,0,0,0.00010598113,train
-10000010273069,0,0,3.4013367e-05,train
-10000010273070,0,0,0.00016854376,train
-10000010273076,0,0,4.179639e-05,test
-10000010273079,0,0,5.084457e-05,train
-10000010273087,0,0,0.00040850646,train
-10000010273089,0,0,0.00015193173,train
-10000010273090,1,1,0.8910201,train
-10000010273091,0,0,6.114036e-05,train
-10000010273093,0,0,6.899283e-05,train
-10000010273094,0,0,0.18191895,train
-10000010273105,0,0,0.33058506,train
-10000010273110,0,0,3.297176e-05,train
-10000010273118,0,0,0.0013457054,train
-10000010273121,0,0,0.068144806,train
-10000010273123,0,0,0.077027746,train
-10000010273137,0,0,2.0520503e-05,train
-10000010273139,0,0,1.4010284e-05,train
-10000010273143,0,0,0.001203157,train
-10000010273145,0,0,5.4360804e-05,train
-10000010273149,0,0,0.0024484338,train
-10000010273156,0,0,0.0021975571,train
-10000010273157,0,0,0.07901863,train
-10000010273161,0,0,9.9801466e-05,test
-10000010273163,1,1,0.98004377,train
-10000010273165,0,0,0.0046880106,train
-10000010273169,0,0,0.19158961,train
-10000010273174,0,0,0.00046828052,train
-10000010273177,0,0,0.0028209516,train
-10000010273180,0,0,2.0809923e-05,test
-10000010273181,0,0,0.00011233518,train
-10000010273194,0,0,0.00010280612,test
-10000010273198,0,0,0.005869555,train
-10000010273199,0,0,0.33723816,train
-10000010273201,0,0,0.0009861718,train
-10000010273202,1,1,0.95867866,train
-10000010273210,1,1,0.99877375,train
-10000010273212,0,0,0.0024921373,train
-10000010273214,0,0,0.029415214,train
-10000010273215,0,0,4.0438365e-05,train
-10000010273224,0,0,9.628596e-05,test
-10000010273226,0,0,0.0001970082,train
-10000010273228,1,1,0.81509054,test
-10000010273230,0,1,0.7620251,train
-10000010273229,0,1,0.59851784,test
-10000010273243,0,0,0.0023107952,test
-10000010273247,0,0,4.189464e-05,train
-10000010273250,0,0,0.42193154,train
-10000010273253,0,0,0.0004977574,test
-10000010273255,0,0,0.00025875014,train
-10000010273256,0,0,6.603716e-05,train
-10000010273257,0,0,0.35924858,test
-10000010273269,0,0,0.0005664204,test
-10000010273270,1,1,0.99854726,train
-10000010273273,1,1,0.99825126,train
-10000010273286,0,0,0.00096446945,train
-10000010273288,0,0,0.0033612028,train
-10000010273289,0,0,0.00024068302,train
-10000010273294,0,0,7.029052e-05,train
-10000010273302,0,0,8.6420165e-05,train
-10000010273308,0,0,5.4705437e-05,train
-10000010273312,0,1,0.6295311,train
-10000010273317,0,0,0.1581292,train
-10000010273318,0,1,0.5804148,train
-10000010273321,1,1,0.8511319,test
-10000010273332,0,0,0.0011924362,train
-10000010273341,0,0,4.3954715e-05,train
-10000010273342,0,0,4.3829146e-05,train
-10000010273351,0,0,0.00012276434,train
-10000010273366,1,1,0.9958664,train
-10000010273371,0,0,0.021384694,train
-10000010273374,0,0,7.029052e-05,train
-10000010273375,1,1,0.70886225,test
-10000010273380,0,0,0.00020988748,train
-10000010273385,0,0,0.0004170002,train
-10000010273392,0,0,0.041553285,test
-10000010273401,0,0,0.01683634,test
-10000010273404,0,0,0.019655518,train
-10000010273406,0,0,0.022411041,train
-10000010273417,0,0,0.00015647813,test
-10000010273418,0,0,0.00015010154,train
-10000010273421,1,1,0.97298074,train
-10000010273422,0,0,2.9173274e-05,train
-10000010273423,0,0,0.00038987695,train
-10000010273430,0,0,0.007027856,train
-10000010273431,0,0,4.0602514e-05,train
-10000010273432,0,0,0.003725983,train
-10000010273439,0,0,0.00010294847,train
-10000010273440,0,0,0.00010697781,train
-10000010273442,0,0,1.5042512e-05,train
-10000010273445,0,0,7.853377e-05,test
-10000010273453,0,0,4.521994e-05,train
-10000010273461,0,0,3.7316157e-05,train
-10000010273468,0,0,0.014618822,test
-10000010273472,0,0,7.419232e-05,test
-10000010273471,0,0,0.0032137246,train
-10000010273483,0,0,7.409956e-05,train
-10000010273488,0,0,5.6692494e-05,train
-10000010273492,0,0,0.00016657477,train
-10000010273495,0,0,0.0002537634,test
-10000010273497,1,1,0.90835583,train
-10000010273502,0,0,6.414081e-05,train
-10000010273504,0,0,2.865012e-05,train
-10000010273505,0,0,0.00012058408,train
-10000010273511,1,1,0.9447243,train
-10000010273513,0,0,0.00012199601,train
-10000010273516,0,0,3.928687e-05,train
-10000010273518,0,0,0.00023652901,train
-10000010273528,0,1,0.7105595,train
-10000010273531,0,0,0.0004085994,train
-10000010273532,0,0,0.0013543429,train
-10000010273538,0,0,0.00057213387,train
-10000010273540,0,0,0.028870933,test
-10000010273543,1,1,0.9937903,test
-10000010273546,0,0,0.0004784195,train
-10000010273547,0,0,0.0074309045,train
-10000010273549,0,0,0.026251376,test
-10000010273550,0,0,0.035942778,train
-10000010273554,0,0,0.0001674837,train
-10000010273556,0,0,5.0575894e-05,test
-10000010273559,0,1,0.7978565,test
-10000010273563,0,0,0.00020692339,test
-10000010273567,0,0,0.017625859,train
-10000010273570,1,1,0.81660664,train
-10000010273573,0,0,0.35950705,test
-10000010273576,0,1,0.8670285,test
-10000010273581,0,0,0.0008059001,train
-10000010273583,0,0,0.2672214,train
-10000010273592,0,0,0.0019742337,test
-10000010273593,0,0,0.00204595,train
-10000010273597,0,0,2.57716e-05,train
-10000010273603,0,0,0.00015762012,train
-10000010273604,0,0,1.5862655e-05,train
-10000010273608,0,0,0.007002724,train
-10000010273611,0,0,8.22979e-05,train
-10000010273614,0,0,0.015833186,train
-10000010273615,0,0,2.6353646e-05,train
-10000010273616,1,1,0.99847716,test
-10000010273617,1,1,0.9770857,train
-10000010273619,0,0,0.0070031886,train
-10000010273622,0,0,0.00028679037,train
-10000010273631,0,0,3.7175927e-05,train
-10000010273636,0,0,0.0021149134,train
-10000010273638,0,0,1.9461804e-05,train
-10000010273639,0,0,2.2515407e-05,train
-10000010273642,0,0,0.00082159525,test
-10000010273655,0,0,2.1254054e-05,train
-10000010273662,0,0,0.000120029756,train
-10000010273663,0,0,0.002705609,train
-10000010273671,1,1,0.97921777,train
-10000010273675,1,1,0.99557674,train
-10000010273681,0,0,0.0002476082,train
-10000010273682,0,0,0.00050242007,train
-10000010273684,0,0,7.636251e-05,train
-10000010273689,0,0,0.017320454,train
-10000010273695,0,0,0.003111754,train
-10000010273709,0,0,4.668637e-05,train
-10000010273710,0,0,0.001643648,test
-10000010273718,1,1,0.9750083,train
-10000010273719,0,0,0.27878436,train
-10000010273721,0,0,0.00094799924,train
-10000010273722,0,0,0.00019343843,train
-10000010273724,0,0,2.5686384e-05,train
-10000010273728,0,0,0.0022337022,train
-10000010273729,1,1,0.96275353,train
-10000010273733,0,0,0.0036276905,test
-10000010273734,0,0,0.0092161205,train
-10000010273735,1,1,0.98090243,train
-10000010273739,0,0,0.0002494101,train
-10000010273779,0,0,0.00016458014,test
-10000010273785,1,1,0.95533746,test
-10000010273787,0,0,0.02441741,train
-10000010273789,0,0,1.9746327e-05,train
-10000010273792,0,0,0.16676913,train
-10000010273795,0,0,0.0006000349,train
-10000010273799,0,0,0.28658393,train
-10000010273809,0,0,1.8615885e-05,train
-10000010273815,0,0,0.014289247,train
-10000010273816,0,0,0.00016597056,train
-10000010273819,0,0,6.5588174e-05,test
-10000010273820,0,0,0.00013763258,train
-10000010273821,0,0,6.207825e-05,test
-10000010273824,0,0,0.13756181,train
-10000010273825,0,0,0.05125908,train
-10000010273832,0,0,0.000739165,test
-10000010273833,0,0,0.053055357,test
-10000010273834,1,1,0.9780201,train
-10000010273847,0,0,8.177291e-05,train
-10000010273849,0,0,3.2573535e-05,train
-10000010273851,0,0,0.0658251,test
-10000010273853,0,0,0.0021790909,train
-10000010273859,0,0,0.00025420147,train
-10000010273863,1,1,0.9811343,test
-10000010273864,0,0,0.00014563216,train
-10000010273874,0,0,0.0056935814,test
-10000010273875,0,0,5.193131e-05,train
-10000010273876,0,0,0.000805177,train
-10000010273877,0,0,6.547881e-05,train
-10000010273878,0,0,0.003028218,train
-10000010273888,0,0,0.001194577,train
-10000010273897,0,0,0.002862748,train
-10000010273896,1,1,0.9985415,train
-10000010273903,0,0,3.487451e-05,train
-10000010273908,0,0,2.5209307e-05,train
-10000010273912,0,0,6.331222e-05,train
-10000010273913,0,0,2.1049316e-05,test
-10000010273916,0,0,0.00055337435,test
-10000010273918,0,0,0.028025357,train
-10000010273925,0,0,5.11493e-05,train
-10000010273935,0,0,0.00079517777,test
-10000010273940,0,0,0.10110311,train
-10000010273943,0,0,6.826814e-05,test
-10000010273947,0,0,0.06635484,train
-10000010273948,0,0,7.121805e-05,train
-10000010273954,0,0,0.0034323677,train
-10000010273955,0,0,0.00023781299,train
-10000010273957,0,0,3.5901234e-05,train
-10000010273958,0,0,4.999499e-05,train
-10000010273959,0,1,0.52360857,train
-10000010273962,0,0,9.498e-05,train
-10000010273963,0,0,2.091513e-05,test
-10000010273967,0,0,0.0005095959,train
-10000010273970,0,0,0.13825828,train
-10000010273972,0,0,8.390054e-05,test
-10000010273983,0,0,4.0101113e-05,train
-10000010273993,0,0,0.14261645,train
-10000010273996,0,0,0.22215979,train
-10000010273997,0,0,0.005762609,train
-10000010274001,0,0,9.506173e-05,train
-10000010274002,0,0,0.15327138,train
-10000010274003,0,0,0.03882549,train
-10000010274008,0,0,0.0009194915,train
-10000010274012,0,0,0.05234047,test
-10000010274014,0,0,3.4742196e-05,train
-10000010274020,0,0,0.09908658,train
-10000010274023,0,0,0.057914644,train
-10000010274024,0,0,0.38381118,train
-10000010274025,0,0,3.3952958e-05,train
-10000010274028,0,0,0.008293767,test
-10000010274042,0,0,6.72971e-05,train
-10000010274043,0,0,0.008016475,train
-10000010274044,0,0,2.6985663e-05,train
-10000010274045,0,0,0.00016917168,train
-10000010274047,0,0,0.030893316,train
-10000010274048,0,0,1.6538266e-05,train
-10000010274051,0,0,0.25330427,train
-10000010274057,1,1,0.9989027,train
-10000010274058,0,0,5.020425e-05,train
-10000010274061,1,1,0.98636496,train
-10000010274065,0,0,0.019830547,train
-10000010274066,0,0,0.000102430466,train
-10000010274067,1,1,0.9738452,train
-10000010274070,0,0,0.00013041888,train
-10000010274086,0,0,0.01769447,train
-10000010274089,0,0,0.3047461,test
-10000010274093,0,0,5.1698484e-05,test
-10000010274098,0,0,0.00036257037,test
-10000010274102,1,1,0.9671563,train
-10000010274109,0,0,2.3018183e-05,train
-10000010274110,1,1,0.98608255,train
-10000010274115,0,0,0.19075674,train
-10000010274121,0,0,2.5117111e-05,train
-10000010274123,0,0,0.0065677892,train
-10000010274124,0,0,0.10883666,train
-10000010274125,0,0,9.695329e-05,train
-10000010274131,0,0,0.009151142,train
-10000010274138,0,0,0.25228193,test
-10000010274139,0,0,2.4461133e-05,train
-10000010274143,0,1,0.5119566,train
-10000010274149,0,0,6.279829e-05,train
-10000010274157,0,0,9.59194e-05,train
-10000010274165,0,0,0.002528238,train
-10000010274168,0,0,0.0006360909,test
-10000010274169,0,1,0.8958027,train
-10000010274171,0,0,4.932038e-05,train
-10000010274181,0,0,0.0015595359,train
-10000010274182,0,1,0.7860197,train
-10000010274186,0,0,0.0001373058,test
-10000010274193,0,0,0.00349606,train
-10000010274194,0,0,0.00013721692,train
-10000010274199,0,0,1.9461804e-05,train
-10000010274201,0,0,0.00362092,test
-10000010274204,0,0,0.03139257,test
-10000010274207,0,0,7.415872e-05,train
-10000010274208,0,0,0.0010995823,train
-10000010274210,0,0,3.4105546e-05,train
-10000010274225,0,0,0.0014499554,train
-10000010274227,0,0,0.10147841,test
-10000010274228,0,0,0.0001835051,train
-10000010274233,0,0,2.3929877e-05,train
-10000010274234,0,0,0.009680492,train
-10000010274243,1,1,0.99369204,train
-10000010274245,0,0,0.070275106,test
-10000010274248,0,0,3.7325022e-05,train
-10000010274253,0,0,0.09473165,train
-10000010274256,1,1,0.7310896,train
-10000010274257,0,0,0.0037728585,train
-10000010274258,0,1,0.5555504,train
-10000010274260,1,1,0.85219365,test
-10000010274261,0,0,0.010996227,train
-10000010274267,0,0,0.0007669076,train
-10000010274268,0,1,0.522514,train
-10000010274280,0,0,0.00035618167,test
-10000010274283,0,0,0.00014054845,train
-10000010274294,0,0,0.00011157305,train
-10000010274295,0,0,5.4958462e-05,train
-10000010274299,0,0,0.005890946,test
-10000010274302,0,0,0.25925723,test
-10000010274311,0,1,0.74873513,train
-10000010274312,0,0,0.034786873,train
-10000010274314,0,0,0.00013948717,test
-10000010274315,1,1,0.9704057,train
-10000010274317,0,0,0.00012105852,train
-10000010274322,0,0,0.0043271384,train
-10000010274323,0,0,0.116192095,train
-10000010274325,0,0,2.157891e-05,train
-10000010274337,0,1,0.81404686,train
-10000010274338,1,1,0.9969105,train
-10000010274339,0,0,0.00541664,train
-10000010274350,0,1,0.5364212,train
-10000010274352,0,0,0.00011431996,test
-10000010274355,0,0,6.172025e-05,train
-10000010274356,0,0,8.2770435e-05,train
-10000010274366,0,0,0.021845244,test
-10000010274367,0,0,0.063280985,train
-10000010274368,0,0,0.00045194305,train
-10000010274373,0,0,7.2802875e-05,train
-10000010274376,0,0,3.9640592e-05,train
-10000010274378,0,0,0.0035935084,train
-10000010274383,0,0,4.1314826e-05,train
-10000010274387,0,0,4.1522748e-05,train
-10000010274388,0,0,7.232914e-05,train
-10000010274390,0,0,0.0012120999,test
-10000010274392,0,0,0.008307846,train
-10000010274397,0,0,5.097264e-05,train
-10000010274398,0,0,2.1558773e-05,train
-10000010274396,0,0,0.007926313,train
-10000010274402,0,0,0.09648696,train
-10000010274404,0,0,0.00019085885,train
-10000010274407,0,0,0.08216213,train
-10000010274413,0,0,0.004941006,train
-10000010274417,0,0,0.47966477,train
-10000010274419,0,0,6.014846e-05,train
-10000010274424,0,0,0.00014266334,train
-10000010274429,0,0,4.0281753e-05,train
-10000010274431,0,0,0.0009498635,train
-10000010274432,1,1,0.9751202,train
-10000010274433,1,1,0.771038,test
-10000010274434,0,0,0.0046012416,train
-10000010274435,0,0,0.000901637,train
-10000010274437,0,0,7.09848e-05,train
-10000010274436,0,0,0.0001876798,test
-10000010274438,0,0,5.5790995e-05,train
-10000010274441,1,1,0.77899957,train
-10000010274443,0,0,0.00031144018,train
-10000010274444,0,0,0.13024978,train
-10000010274445,0,0,0.00012417017,train
-10000010274446,0,0,0.00069771655,train
-10000010274450,0,0,3.622644e-05,train
-10000010274456,1,1,0.8697058,train
-10000010274462,0,1,0.5000729,train
-10000010274464,0,0,3.54325e-05,train
-10000010274475,0,0,9.475572e-06,train
-10000010274476,0,0,0.0122839045,train
-10000010274483,0,1,0.51479137,train
-10000010274487,0,0,0.009231517,test
-10000010274490,0,0,0.15918107,train
-10000010274491,0,0,0.0007009897,train
-10000010274492,0,0,0.012918813,train
-10000010274495,0,0,0.235716,train
-10000010274502,0,0,2.3723129e-05,train
-10000010274504,0,0,5.3433665e-05,train
-10000010274508,0,0,0.3403408,test
-10000010274512,0,0,0.012963246,test
-10000010274517,0,0,0.00023828824,test
-10000010274519,0,0,1.2206671e-05,test
-10000010274522,0,0,0.00010098943,train
-10000010274523,1,1,0.99945885,test
-10000010274526,0,0,0.00088093145,test
-10000010274527,0,0,0.013466216,train
-10000010274528,0,0,6.547881e-05,train
-10000010274529,0,0,0.000107262895,train
-10000010274530,0,0,6.547881e-05,train
-10000010274533,0,0,0.017251402,train
-10000010274539,0,1,0.5991985,test
-10000010274541,0,0,6.279829e-05,train
-10000010274546,0,0,0.00016414303,train
-10000010274548,0,0,0.0055360124,train
-10000010274553,0,0,0.05455633,train
-10000010274555,0,0,0.0003980072,train
-10000010274558,0,0,2.0637235e-05,test
-10000010274559,0,0,6.826814e-05,test
-10000010274560,0,0,3.16189e-05,test
-10000010274563,1,1,0.9175124,test
-10000010274564,0,0,4.478119e-05,train
-10000010274567,0,0,0.00075966225,train
-10000010274568,0,0,0.0001663459,train
-10000010274582,0,0,0.4215185,train
-10000010274593,0,0,0.0054794354,train
-10000010274596,1,1,0.7416435,train
-10000010274597,1,1,0.9686355,train
-10000010274602,1,1,0.99923,train
-10000010274606,1,1,0.9622291,train
-10000010274612,0,0,4.654616e-05,train
-10000010274611,0,0,0.039410874,test
-10000010274615,0,0,1.8789518e-05,train
-10000010274623,0,0,0.00011105823,train
-10000010274624,0,0,0.23054758,train
-10000010274626,0,0,0.3918488,test
-10000010274629,0,0,0.0004650169,test
-10000010274635,0,0,1.8195951e-05,train
-10000010274634,0,0,0.00046156737,train
-10000010274642,0,0,0.49917132,test
-10000010274647,0,1,0.65744954,train
-10000010274650,0,0,8.213913e-05,test
-10000010274652,0,0,0.022229305,train
-10000010274654,0,0,0.1798267,train
-10000010274658,0,0,0.4278052,test
-10000010274659,0,0,6.9231006e-05,train
-10000010274666,0,0,0.00012319881,test
-10000010274668,0,0,0.40016386,train
-10000010274672,0,0,0.009372983,train
-10000010274673,0,0,9.946144e-05,train
-10000010274678,0,0,2.9011167e-05,train
-10000010274685,0,0,0.000121860445,train
-10000010274692,0,0,7.422636e-05,train
-10000010274694,0,0,0.0025340265,train
-10000010274696,0,0,5.184462e-05,train
-10000010274695,0,0,3.744863e-05,train
-10000010274708,0,0,8.988105e-05,train
-10000010274709,0,0,0.0013095271,train
-10000010274713,0,0,0.00013724754,train
-10000010274714,0,0,0.28647473,train
-10000010274715,0,0,3.281536e-05,train
-10000010274719,0,0,0.013238952,train
-10000010274728,0,0,0.016068295,train
-10000010274729,0,0,0.039224245,train
-10000010274731,0,0,6.826814e-05,test
-10000010274743,0,0,4.5169683e-05,train
-10000010274750,0,0,0.00012776138,test
-10000010274759,0,0,9.292742e-05,test
-10000010274761,0,0,2.2529863e-05,train
-10000010274773,0,0,0.0040629245,train
-10000010274777,0,0,0.0007481103,train
-10000010274785,0,0,0.0006930715,test
-10000010274788,0,0,0.00010235771,test
-10000010274790,0,0,0.00018464525,train
-10000010274792,0,0,0.024341235,train
-10000010274793,1,1,0.9921442,train
-10000010274795,0,0,0.046830036,train
-10000010274801,1,1,0.99355835,test
-10000010274805,0,0,0.023295684,train
-10000010274807,0,0,6.614127e-05,train
-10000010274816,0,0,0.0015897736,train
-10000010274817,0,0,0.019636884,train
-10000010274825,0,0,0.033383586,train
-10000010274835,0,0,2.7087817e-05,train
-10000010274837,0,0,0.3748752,train
-10000010274839,0,0,0.000111076355,train
-10000010274844,0,0,0.00033211822,train
-10000010274847,0,0,6.0482696e-05,test
-10000010274849,0,0,0.036986783,test
-10000010274855,0,0,7.707573e-05,train
-10000010274859,0,1,0.618463,train
-10000010274861,0,1,0.5219163,test
-10000010274864,0,0,0.00530953,train
-10000010274869,0,0,0.006725582,test
-10000010274870,0,0,0.00044790105,test
-10000010274871,0,0,3.4497094e-05,train
-10000010274875,0,0,0.011137237,test
-10000010274881,0,0,3.273303e-05,train
-10000010274885,0,0,0.00017817834,test
-10000010274887,1,1,0.9896062,train
-10000010274890,0,0,0.22689624,train
-10000010274891,0,0,0.0015120669,train
-10000010274892,0,0,0.00121487,train
-10000010274897,0,0,0.00010086105,train
-10000010274902,0,0,2.2997185e-05,train
-10000010274911,0,0,4.7066344e-05,train
-10000010274916,0,0,0.04207481,train
-10000010274918,0,0,0.001292015,train
-10000010274919,0,0,4.45737e-05,train
-10000010274921,0,0,0.020384654,train
-10000010274923,0,0,0.004320776,test
-10000010274927,0,0,4.2028052e-05,test
-10000010274936,1,1,0.99613696,test
-10000010274949,0,0,0.0010362195,train
-10000010274952,0,0,0.00057410647,train
-10000010274953,0,0,0.00031744616,train
-10000010274959,0,0,0.00014535953,train
-10000010274968,1,1,0.8878381,test
-10000010274973,1,1,0.95237,train
-10000010274975,0,0,2.1390128e-05,train
-10000010274976,0,1,0.81534624,train
-10000010274982,0,0,0.0006869864,train
-10000010274983,1,1,0.933087,train
-10000010274984,0,0,0.017811995,train
-10000010274990,1,1,0.7761578,train
-10000010274992,0,0,0.0005155686,train
-10000010274994,0,0,0.008411399,train
-10000010274996,0,0,8.122515e-05,train
-10000010274997,0,0,0.005424967,train
-10000010275002,0,1,0.6689987,train
-10000010275007,0,0,0.0356046,test
-10000010275011,0,0,0.022316467,train
-10000010275013,0,0,3.3546145e-05,train
-10000010275019,0,0,2.2284405e-05,train
-10000010275025,0,0,0.056247722,train
-10000010275031,0,0,2.6140313e-05,train
-10000010275033,0,0,0.00012596691,test
-10000010275035,0,0,0.038491588,train
-10000010275036,0,0,0.038339894,test
-10000010275038,0,0,0.0003773056,train
-10000010275039,0,0,0.011074928,train
-10000010275040,0,0,0.032486442,test
-10000010275051,0,0,5.2451564e-05,train
-10000010275044,0,0,0.00016040565,train
-10000010275053,0,0,1.3557203e-05,test
-10000010275060,0,0,0.012899443,train
-10000010275065,0,0,2.0452962e-05,train
-10000010275071,0,1,0.51835746,train
-10000010275076,0,0,3.666107e-05,train
-10000010275082,0,0,0.0012581006,test
-10000010275090,1,1,0.9806754,train
-10000010275091,0,0,4.4525186e-05,train
-10000010275094,0,0,0.32553545,train
-10000010275096,0,0,0.0012604197,train
-10000010275102,0,0,0.00034145825,test
-10000010275101,0,0,0.045763362,test
-10000010275103,0,0,0.0002446467,train
-10000010275104,0,0,0.00183613,train
-10000010275115,0,0,0.00014515345,train
-10000010275123,0,0,0.025726372,train
-10000010275128,0,0,4.5964443e-05,train
-10000010275139,0,0,0.00013101705,train
-10000010275140,0,0,0.0001166028,train
-10000010275145,0,0,3.4415865e-05,train
-10000010275149,0,0,0.0013143959,train
-10000010275150,0,0,6.908361e-05,test
-10000010275151,0,0,0.0006052283,train
-10000010275156,0,0,0.010659201,train
-10000010275158,0,1,0.9347799,train
-10000010275167,0,0,4.2447355e-05,test
-10000010275180,0,0,0.089538395,train
-10000010275182,0,0,0.0015618703,test
-10000010275183,1,1,0.90488267,test
-10000010275193,0,0,0.00018553066,train
-10000010275195,0,0,0.45800054,train
-10000010275198,0,0,0.00019587127,train
-10000010275200,0,0,0.00017015642,train
-10000010275202,1,1,0.9982572,train
-10000010275207,0,0,0.0001886267,train
-10000010275211,1,1,0.8836989,train
-10000010275213,0,1,0.72010446,train
-10000010275215,1,1,0.97569644,train
-10000010275220,0,0,0.010199754,train
-10000010275232,0,0,4.2447355e-05,train
-10000010275234,0,0,2.1867945e-05,train
-10000010275236,0,0,0.024073116,train
-10000010275244,1,1,0.9607851,train
-10000010275251,0,0,0.06374683,train
-10000010275254,0,0,2.4812922e-05,test
-10000010275256,0,0,4.177539e-05,train
-10000010275264,0,0,6.570787e-05,train
-10000010275271,0,0,0.021144364,train
-10000010275272,0,0,1.6397506e-05,test
-10000010275273,0,0,0.12290786,test
-10000010275285,0,0,7.922865e-05,test
-10000010275284,0,0,0.00040864377,train
-10000010275292,0,0,0.009735673,test
-10000010275293,0,0,8.266135e-05,train
-10000010275295,0,0,0.00509128,train
-10000010275300,0,0,2.645313e-05,train
-10000010275306,0,0,0.0001374128,train
-10000010275307,0,0,4.476983e-05,train
-10000010275308,0,0,0.14001967,train
-10000010275311,0,0,5.046788e-05,train
-10000010275314,0,0,7.232079e-05,train
-10000010275315,0,0,0.00020783592,train
-10000010275321,0,1,0.52077687,train
-10000010275322,0,0,0.010177004,train
-10000010275324,0,0,0.0056433077,train
-10000010275340,0,1,0.6394887,train
-10000010275343,0,0,9.3871844e-05,train
-10000010275347,1,1,0.9879218,train
-10000010275349,0,0,0.0015733092,test
-10000010275350,0,0,8.5694075e-05,test
-10000010275351,0,0,0.012046911,train
-10000010275352,0,0,6.585529e-05,train
-10000010275353,1,1,0.9707931,train
-10000010275354,0,0,0.0004499187,train
-10000010275360,0,0,3.7952683e-05,train
-10000010275368,0,0,3.1378204e-05,test
-10000010275371,0,0,0.0012325523,train
-10000010275374,0,0,0.21034662,train
-10000010275376,0,0,0.0012257572,train
-10000010275381,0,0,0.0007739301,train
-10000010275382,1,1,0.911652,train
-10000010275383,0,0,0.00013894105,train
-10000010275387,1,1,0.9016076,train
-10000010275388,0,0,0.000114289986,train
-10000010275391,0,1,0.60377735,train
-10000010275394,1,1,0.9567689,train
-10000010275400,1,1,0.9925122,train
-10000010275401,0,0,2.2786367e-05,test
-10000010275404,0,0,0.003972079,train
-10000010275405,0,0,3.3755376e-05,test
-10000010275409,0,0,0.024507219,train
-10000010275412,0,0,0.00116545,train
-10000010275414,0,0,0.031243423,test
-10000010275415,0,0,8.649404e-05,train
-10000010275418,0,0,0.00023685805,test
-10000010275419,0,0,0.0021403877,train
-10000010275421,0,0,0.0047670575,test
-10000010275429,1,1,0.99129784,test
-10000010275430,0,0,4.9194776e-05,train
-10000010275432,0,1,0.6618713,train
-10000010275435,1,1,0.99928457,train
-10000010275436,0,0,4.595072e-05,train
-10000010275444,0,1,0.6384688,train
-10000010275448,0,0,4.6151417e-05,train
-10000010275447,0,0,3.911267e-05,train
-10000010275445,0,0,0.02814081,train
-10000010275439,0,0,4.5964443e-05,train
-10000010275451,0,0,0.015481341,train
-10000010275456,0,1,0.976227,train
-10000010275458,0,0,0.2637505,test
-10000010275463,0,0,0.000106727355,train
-10000010275472,0,1,0.6235359,test
-10000010275474,0,0,0.0007645419,train
-10000010275488,1,1,0.9848734,train
-10000010275493,0,0,3.537608e-05,test
-10000010275492,0,0,0.00010763759,train
-10000010275494,0,0,6.547881e-05,train
-10000010275498,0,1,0.50422555,train
-10000010275499,0,0,6.4449705e-05,train
-10000010275515,0,0,3.595797e-05,train
-10000010275517,0,0,0.0012606082,train
-10000010275518,0,0,5.3557535e-05,train
-10000010275520,0,0,1.8408346e-05,train
-10000010275527,1,1,0.98352,test
-10000010275532,0,0,0.00010019396,train
-10000010275535,0,0,0.0002592156,train
-10000010275538,1,1,0.5848174,train
-10000010275549,0,0,0.0069669886,train
-10000010275556,0,0,0.00029029755,train
-10000010275564,0,0,0.00019043294,train
-10000010275565,0,0,0.14917777,train
-10000010275566,0,0,0.059482697,train
-10000010275567,0,1,0.5146204,test
-10000010275570,0,0,0.0022650247,train
-10000010275572,0,0,0.000113176524,train
-10000010275575,0,0,0.031360768,train
-10000010275581,0,0,0.00011597827,test
-10000010275586,0,0,2.1217276e-05,train
-10000010275592,0,0,0.00060346315,train
-10000010275595,0,0,0.09011254,test
-10000010275600,0,0,0.00015860189,test
-10000010275604,0,0,0.00051714084,test
-10000010275608,0,0,6.053682e-05,train
-10000010275610,0,0,7.61594e-05,train
-10000010275611,0,1,0.56401896,test
-10000010275612,0,0,2.0284127e-05,train
-10000010275614,0,0,9.254804e-05,test
-10000010275615,0,0,0.38513958,train
-10000010275620,0,0,7.490878e-05,test
-10000010275624,0,0,0.0014753529,train
-10000010275629,1,1,0.9875425,test
-10000010275630,0,0,0.004277132,train
-10000010275635,1,1,0.8916508,train
-10000010275636,0,0,0.00014694994,train
-10000010275641,0,0,0.00019242446,train
-10000010275642,0,0,4.101679e-05,train
-10000010275646,0,0,0.008437346,train
-10000010275649,0,0,2.4631454e-05,train
-10000010275655,0,0,0.0010007756,train
-10000010275657,0,0,0.0035061499,train
-10000010275671,0,0,0.00022135073,train
-10000010275677,0,0,0.014856983,train
-10000010275680,0,1,0.86208415,test
-10000010275681,0,0,5.6243876e-05,train
-10000010275682,0,0,0.0012603692,train
-10000010275684,0,1,0.9581705,train
-10000010275688,0,0,0.09795039,train
-10000010275698,0,0,3.8876613e-05,train
-10000010275702,0,0,0.00014412621,train
-10000010275704,0,0,0.00083760376,train
-10000010275705,0,0,0.0030658818,test
-10000010275706,0,0,0.00020510601,train
-10000010275710,0,0,0.36198384,train
-10000010275713,0,1,0.774654,train
-10000010275714,0,0,0.10781615,train
-10000010275730,0,0,0.0019462253,test
-10000010275734,0,0,0.0001507812,train
-10000010275741,0,0,8.5991225e-05,train
-10000010275743,0,0,5.757924e-05,train
-10000010275747,0,0,3.5924244e-05,train
-10000010275750,0,0,0.030911254,train
-10000010275753,1,1,0.903232,train
-10000010275752,1,1,0.9819204,test
-10000010275776,0,0,0.00037504348,train
-10000010275777,0,1,0.53135663,train
-10000010275778,0,0,5.5963643e-05,train
-10000010275782,0,0,0.06951076,train
-10000010275788,0,0,0.000106699874,train
-10000010275790,0,0,0.013016207,test
-10000010275792,0,0,0.005134352,train
-10000010275793,0,0,0.08936675,train
-10000010275794,0,0,0.00013447527,train
-10000010275796,0,0,0.0046141385,train
-10000010275801,0,0,3.4383815e-05,train
-10000010275802,0,0,0.00013087546,train
-10000010275805,0,0,0.090571225,train
-10000010275809,0,0,0.4322923,test
-10000010275811,0,0,0.24791504,train
-10000010275817,0,1,0.58609027,train
-10000010275818,0,0,0.013481314,train
-10000010275820,0,0,8.783699e-05,train
-10000010275824,0,0,0.4852344,test
-10000010275832,0,0,0.0039841672,train
-10000010275836,0,1,0.72574645,test
-10000010275837,0,0,5.511245e-05,test
-10000010275847,0,0,0.0054721623,train
-10000010275850,0,0,0.00011567818,test
-10000010275855,0,0,0.00015198115,train
-10000010275857,0,0,0.007980505,train
-10000010275861,0,1,0.7519097,train
-10000010275864,0,0,6.6155655e-05,train
-10000010275866,0,0,4.9761064e-05,train
-10000010275867,0,1,0.75594836,train
-10000010275868,0,1,0.6001134,train
-10000010275869,0,1,0.88113195,test
-10000010275870,1,1,0.9754921,train
-10000010275872,1,1,0.99245363,train
-10000010275873,0,0,0.0012165033,train
-10000010275874,0,0,0.0021433788,train
-10000010275875,1,1,0.9994236,test
-10000010275879,0,0,2.1721497e-05,train
-10000010275880,0,0,2.282595e-05,train
-10000010275900,0,0,1.5293694e-05,train
-10000010275904,0,0,1.3377081e-05,train
-10000010275909,0,0,0.1805286,train
-10000010275912,1,1,0.9861856,train
-10000010275915,0,0,2.2151722e-05,train
-10000010275919,0,0,0.00011837807,test
-10000010275925,0,0,3.6038025e-05,test
-10000010275927,0,0,0.14667399,test
-10000010275934,0,0,0.00026085586,train
-10000010275943,0,0,3.126971e-05,train
-10000010275945,0,0,4.2274052e-05,test
-10000010275952,0,0,0.28672335,train
-10000010275959,0,0,0.00010359704,train
-10000010275960,0,0,0.00037652516,train
-10000010275961,0,0,1.800181e-05,train
-10000010275963,0,0,0.013756578,train
-10000010275967,0,0,3.37803e-05,train
-10000010275971,0,0,0.0001373794,test
-10000010275976,0,0,0.028165555,train
-10000010275977,0,0,0.010054655,train
-10000010275981,0,0,2.8658125e-05,train
-10000010275985,0,0,0.018388737,train
-10000010275987,0,0,7.832323e-05,test
-10000010275999,0,0,6.567655e-05,train
-10000010276009,0,0,0.002843702,train
-10000010276011,0,0,0.0060600233,train
-10000010276014,0,0,0.00011963668,train
-10000010276018,0,0,0.0031394272,test
-10000010276020,0,0,9.826156e-05,train
-10000010276021,0,0,0.002932582,train
-10000010276032,0,0,0.0024540094,train
-10000010276034,1,1,0.5686975,test
-10000010276036,1,1,0.9033731,train
-10000010276037,0,0,0.00018793177,train
-10000010276042,0,0,0.00038013395,train
-10000010276050,0,0,4.256385e-05,train
-10000010276053,0,0,0.0048503624,train
-10000010276054,1,1,0.9405675,test
-10000010276064,0,0,0.006197288,train
-10000010276066,0,0,0.011285764,train
-10000010276075,0,1,0.6697111,test
-10000010276082,0,0,0.00021797005,train
-10000010276083,0,0,0.0005922449,train
-10000010276085,0,0,6.114036e-05,train
-10000010276089,0,0,0.08125694,train
-10000010276093,0,0,0.008101877,test
-10000010276105,0,0,0.016850814,train
-10000010276106,0,0,0.0002681687,train
-10000010276115,0,0,0.029899076,train
-10000010276117,1,1,0.8085046,train
-10000010276123,1,1,0.932317,train
-10000010276128,0,0,2.8169206e-05,test
-10000010276131,1,1,0.8461722,train
-10000010276134,0,0,0.00011027027,train
-10000010276135,0,0,0.005133707,train
-10000010276136,0,0,0.02386639,train
-10000010276143,0,0,6.826814e-05,train
-10000010276147,0,0,0.005224131,train
-10000010276146,0,0,0.15848604,test
-10000010276148,0,1,0.5644271,train
-10000010276149,0,1,0.68817914,train
-10000010276154,0,0,0.00017071237,train
-10000010276158,0,0,5.8063357e-05,train
-10000010276160,0,0,0.017119585,train
-10000010276167,0,0,6.4624735e-05,test
-10000010276168,1,1,0.9965995,train
-10000010276170,0,0,0.00029130757,train
-10000010276173,0,0,0.00012309068,train
-10000010276172,1,1,0.99854124,train
-10000010276174,0,0,0.00012080344,train
-10000010276176,1,1,0.93121755,train
-10000010276184,0,0,0.00033624924,train
-10000010276185,0,0,0.0047836006,test
-10000010276188,0,0,7.356531e-05,train
-10000010276189,0,1,0.65712667,train
-10000010276197,0,0,0.00017762331,train
-10000010276204,0,0,0.21793263,train
-10000010276205,0,0,3.8932114e-05,train
-10000010276207,0,0,0.0018492725,test
-10000010276209,1,1,0.94551593,train
-10000010276218,0,0,0.0015138297,test
-10000010276219,0,0,7.703349e-05,train
-10000010276222,0,0,0.00012050373,train
-10000010276226,0,0,0.010551609,train
-10000010276228,0,0,0.00042123423,train
-10000010276229,0,0,0.00025917974,train
-10000010276233,0,0,0.00028522735,test
-10000010276240,0,0,0.002567608,train
-10000010276243,0,0,0.00014883735,test
-10000010276246,0,0,0.026738174,train
-10000010276249,0,0,0.42041695,test
-10000010276250,1,1,0.9061897,train
-10000010276255,0,0,0.24195118,test
-10000010276258,0,0,0.067760445,train
-10000010276262,0,0,0.0032787775,train
-10000010276266,0,0,9.624346e-05,train
-10000010276267,0,0,0.00017385386,test
-10000010276272,0,1,0.5478149,train
-10000010276283,0,0,0.019327007,train
-10000010276287,0,0,0.0011168789,test
-10000010276288,0,0,0.2976923,train
-10000010276289,0,0,0.22907655,train
-10000010276293,0,0,0.00062393903,train
-10000010276295,0,0,2.761008e-05,train
-10000010276299,0,0,0.00012671275,train
-10000010276306,0,0,7.872151e-05,train
-10000010276309,0,0,4.4256878e-05,train
-10000010276310,0,0,3.6144756e-05,test
-10000010276313,1,1,0.99328595,train
-10000010276317,0,0,3.7200894e-05,train
-10000010276319,0,0,0.00013587196,train
-10000010276320,0,0,0.0049546673,test
-10000010276322,0,0,0.0020060819,train
-10000010276325,0,0,0.07694686,test
-10000010276326,0,0,0.035484627,train
-10000010276331,0,0,0.00015092806,train
-10000010276332,0,0,0.00011650511,train
-10000010276343,0,0,0.11705909,train
-10000010276347,0,0,0.005367948,train
-10000010276354,0,0,0.054459184,train
-10000010276357,0,0,0.0032919075,train
-10000010276361,0,0,0.000114582224,train
-10000010276367,0,0,0.0004715343,train
-10000010276368,0,0,0.37538552,train
-10000010276369,1,1,0.98552066,test
-10000010276371,0,0,0.00015410132,train
-10000010276376,1,1,0.66707635,train
-10000010276377,0,0,8.517259e-05,train
-10000010276388,0,0,0.022814853,train
-10000010276389,0,0,6.547881e-05,test
-10000010276392,1,1,0.8855864,test
-10000010276394,0,0,0.000115083836,train
-10000010276395,0,0,0.00011877846,train
-10000010276414,0,0,0.00014600228,train
-10000010276422,0,0,0.0042512715,train
-10000010276424,0,0,0.00020058126,train
-10000010276425,0,0,6.053682e-05,train
-10000010276423,0,0,0.001176372,train
-10000010276431,0,0,0.30019337,train
-10000010276433,0,0,0.0067785736,train
-10000010276439,0,0,1.8797673e-05,train
-10000010276441,0,0,9.475572e-06,test
-10000010276444,0,1,0.5495263,test
-10000010276445,0,0,0.0001295268,train
-10000010276451,0,0,0.00017479899,test
-10000010276455,0,0,0.012496206,train
-10000010276460,0,0,6.826814e-05,test
-10000010276459,0,0,0.00010841811,train
-10000010276467,0,0,0.005022918,train
-10000010276469,0,0,0.009499392,train
-10000010276483,0,0,2.9666775e-05,train
-10000010276486,0,1,0.5673076,test
-10000010276487,0,0,0.00019798458,train
-10000010276498,1,1,0.9464577,train
-10000010276499,0,0,0.00013711059,train
-10000010276504,0,0,4.9739054e-05,train
-10000010276512,0,0,5.937812e-05,train
-10000010276517,1,1,0.8279375,train
-10000010276520,0,0,4.875232e-05,train
-10000010276524,0,0,0.03929613,test
-10000010276525,1,1,0.85262114,train
-10000010276526,0,0,0.25551552,train
-10000010276527,0,0,7.773393e-05,train
-10000010276528,0,0,0.13563363,test
-10000010276529,0,0,0.018620607,train
-10000010276531,0,0,0.007463437,train
-10000010276532,0,0,6.826814e-05,train
-10000010276543,0,1,0.82917523,train
-10000010276545,0,0,4.058072e-05,train
-10000010276551,0,0,0.3887522,test
-10000010276557,0,0,0.00010720952,train
-10000010276558,0,0,0.004830556,train
-10000010276561,0,0,7.90734e-05,train
-10000010276562,0,0,0.000116934396,train
-10000010276567,0,0,0.0001795403,train
-10000010276570,0,0,0.00017608708,test
-10000010276571,0,0,2.554151e-05,train
-10000010276573,1,1,0.9526157,train
-10000010276574,0,0,0.00023460778,train
-10000010276576,0,0,0.10585692,train
-10000010276577,0,1,0.7342356,test
-10000010276579,0,0,3.941251e-05,train
-10000010276580,0,0,0.02503728,train
-10000010276589,0,0,0.000106080624,train
-10000010276593,0,0,0.42518994,test
-10000010276594,0,0,2.9538522e-05,train
-10000010276595,0,0,0.00012805201,train
-10000010276597,1,1,0.9740883,train
-10000010276601,0,0,0.00010404591,train
-10000010276603,0,0,0.00013450514,test
-10000010276609,0,0,0.0002522336,train
-10000010276618,0,0,0.00035352114,train
-10000010276621,0,0,0.00015300844,train
-10000010276630,1,1,0.92257947,train
-10000010276639,0,0,7.399533e-05,train
-10000010276640,0,0,0.010433328,train
-10000010276644,0,0,0.0005640693,train
-10000010276645,0,0,6.826814e-05,test
-10000010276653,0,0,0.014655886,train
-10000010276658,0,0,0.00011588398,train
-10000010276659,1,1,0.96483773,test
-10000010276666,0,0,6.332925e-05,test
-10000010276674,0,0,0.034404494,test
-10000010276675,0,1,0.5925432,train
-10000010276680,0,0,0.007880982,train
-10000010276681,0,0,0.00011677996,train
-10000010276685,0,0,0.009301098,train
-10000010276689,0,0,0.0154377,train
-10000010276693,0,0,6.570787e-05,test
-10000010276698,0,0,0.010628812,train
-10000010276704,0,1,0.76955426,train
-10000010276706,0,0,0.31039953,train
-10000010276714,0,0,0.20742744,test
-10000010276718,0,0,3.5828518e-05,test
-10000010276717,0,0,0.021527478,train
-10000010276721,0,0,0.057355456,train
-10000010276722,0,0,0.0004294098,test
-10000010276727,0,0,0.000111217414,train
-10000010276729,0,0,4.7181027e-05,train
-10000010276738,0,0,0.00023373099,train
-10000010276739,0,0,0.0027915821,train
-10000010276741,0,0,0.0006344927,train
-10000010276744,0,0,0.00049162016,train
-10000010276745,0,0,0.00014258038,train
-10000010276746,0,0,0.006865989,test
-10000010276748,0,0,0.00041411532,test
-10000010276752,0,0,0.26083943,train
-10000010276753,0,0,0.010569621,train
-10000010276764,0,0,0.04146358,train
-10000010276765,0,0,5.153423e-05,train
-10000010276774,0,0,0.00012050373,test
-10000010276777,0,0,6.1237864e-05,train
-10000010276779,0,0,0.00010664292,test
-10000010276783,0,0,0.02477506,train
-10000010276785,0,0,0.022987591,test
-10000010276793,0,0,9.056261e-05,train
-10000010276795,0,0,0.008109429,train
-10000010276798,0,0,2.1072072e-05,train
-10000010276799,0,1,0.634411,test
-10000010276800,0,0,0.0001460013,train
-10000010276806,0,0,0.41244912,test
-10000010276809,0,0,0.31233153,train
-10000010276812,1,1,0.9761356,test
-10000010276818,0,0,7.6768025e-05,train
-10000010276820,0,0,3.0000385e-05,train
-10000010276821,0,0,6.159295e-05,test
-10000010276822,0,0,0.0034064162,train
-10000010276828,1,1,0.9698486,train
-10000010276829,0,0,5.506401e-05,train
-10000010276831,0,0,0.000111369816,train
-10000010276834,0,0,0.0036045415,train
-10000010276837,0,0,0.13686524,train
-10000010276840,0,0,0.019292815,train
-10000010276845,0,0,0.002016882,train
-10000010276848,0,0,0.00035804475,test
-10000010276850,0,0,0.06645158,train
-10000010276851,0,0,0.01994062,train
-10000010276854,0,0,0.30789253,test
-10000010276853,1,1,0.9567402,train
-10000010276855,0,0,0.00012394151,test
-10000010276856,0,0,0.0017194337,train
-10000010276858,0,0,0.08500706,train
-10000010276863,0,0,0.0006225283,train
-10000010276864,0,0,0.00010041452,train
-10000010276865,0,0,2.4228e-05,train
-10000010276868,0,0,8.188894e-05,train
-10000010276869,1,1,0.8226763,train
-10000010276870,0,0,0.00015130774,test
-10000010276871,0,0,3.60709e-05,train
-10000010276873,0,0,0.00012901462,train
-10000010276876,1,1,0.84106314,test
-10000010276882,0,0,0.10805791,train
-10000010276883,0,0,0.04079845,train
-10000010276889,0,1,0.82970715,train
-10000010276892,1,1,0.9173297,train
-10000010276893,0,0,2.6050648e-05,test
-10000010276897,0,0,2.6459033e-05,train
-10000010276905,0,0,9.105698e-05,train
-10000010276909,0,0,2.0759893e-05,train
-10000010276910,0,0,6.826814e-05,test
-10000010276913,0,0,6.114473e-05,test
-10000010276914,0,0,0.0028621028,test
-10000010276918,0,0,0.00012909154,train
-10000010276919,0,0,0.0003046987,test
-10000010276922,0,0,0.013410446,train
-10000010276926,0,0,0.018259577,train
-10000010276928,0,0,1.6137503e-05,train
-10000010276929,1,1,0.9935278,train
-10000010276932,0,0,0.00014955748,test
-10000010276937,0,0,0.00042631105,train
-10000010276941,0,0,0.122622,train
-10000010276944,0,0,3.221577e-05,test
-10000010276947,0,0,5.506401e-05,train
-10000010276948,1,1,0.9867666,train
-10000010276951,0,0,0.008109356,train
-10000010276958,1,1,0.9682897,train
-10000010276960,0,0,0.00024821187,test
-10000010276974,0,0,0.0003085642,train
-10000010276976,0,1,0.85459864,train
-10000010276977,1,1,0.7554026,train
-10000010276979,0,0,0.00010985373,train
-10000010276981,0,0,2.1721497e-05,test
-10000010276986,0,0,0.00011482766,train
-10000010276989,0,0,5.2792697e-05,train
-10000010276990,0,0,0.001087975,train
-10000010277006,0,0,0.00014179158,train
-10000010277009,0,0,4.635763e-05,test
-10000010277010,0,0,0.0007278045,train
-10000010277014,0,0,0.012631513,train
-10000010277022,0,0,0.002224099,test
-10000010277030,0,0,0.07593062,train
-10000010277033,0,0,0.0011815459,train
-10000010277036,0,0,0.00031708047,train
-10000010277038,0,0,0.29033232,train
-10000010277039,0,0,0.0059771673,train
-10000010277041,0,0,0.000105938896,train
-10000010277053,0,0,0.00032989786,train
-10000010277055,0,0,0.02005989,train
-10000010277057,0,0,0.0006592482,train
-10000010277064,1,1,0.9989956,train
-10000010277069,1,1,0.9968071,train
-10000010277072,1,1,0.9629277,train
-10000010277077,0,0,0.029977962,train
-10000010277078,0,0,6.7364585e-05,test
-10000010277079,0,0,2.02605e-05,train
-10000010277080,1,1,0.95732,train
-10000010277081,0,0,0.00011057584,test
-10000010277082,0,0,0.0001322272,train
-10000010277088,0,0,0.03168066,train
-10000010277093,1,1,0.99840647,train
-10000010277095,0,0,0.17040575,train
-10000010277096,1,1,0.9896487,test
-10000010277097,0,0,2.1153353e-05,train
-10000010277098,0,0,1.6331602e-05,train
-10000010277099,0,0,7.95498e-05,test
-10000010277101,0,0,0.0034358467,train
-10000010277103,0,1,0.50442994,train
-10000010277108,0,0,0.00011953348,train
-10000010277109,0,0,0.00011548817,train
-10000010277112,0,0,7.49924e-05,train
-10000010277115,0,0,4.946942e-05,test
-10000010277123,0,0,8.216185e-05,train
-10000010277130,0,0,0.00025838823,test
-10000010277132,0,0,0.00011075081,train
-10000010277135,0,0,0.015057269,train
-10000010277138,0,0,5.8212943e-05,test
-10000010277139,1,1,0.99941957,train
-10000010277141,0,0,0.000100940524,train
-10000010277143,0,0,0.021274896,train
-10000010277144,0,0,0.00025275673,train
-10000010277145,0,0,5.8472986e-05,train
-10000010277147,0,0,0.00083310605,test
-10000010277149,0,0,0.029895024,train
-10000010277153,0,0,0.00018187084,train
-10000010277155,0,0,4.8521477e-05,train
-10000010277161,0,1,0.57861334,train
-10000010277164,0,0,0.00018918616,train
-10000010277165,0,1,0.7769501,train
-10000010277167,0,1,0.60004115,train
-10000010277169,0,0,0.00024329571,train
-10000010277171,0,0,0.0009955334,train
-10000010277172,0,0,5.6951998e-05,train
-10000010277175,1,1,0.9973907,train
-10000010277176,0,0,0.00017139185,train
-10000010277178,0,0,5.7126817e-05,train
-10000010277179,1,1,0.9297427,train
-10000010277182,0,0,0.08661611,train
-10000010277191,0,0,0.09678621,train
-10000010277200,0,0,0.0021602674,test
-10000010277210,0,0,0.01376178,train
-10000010277214,0,0,4.0374514e-05,train
-10000010277218,1,1,0.95504737,train
-10000010277220,0,0,1.4315003e-05,test
-10000010277243,0,0,0.00048884214,train
-10000010277244,0,0,0.00020738441,train
-10000010277250,0,0,0.025652599,train
-10000010277252,0,0,3.136109e-05,train
-10000010277255,0,0,7.48992e-05,train
-10000010277257,0,0,0.00039834465,train
-10000010277259,0,0,0.00032778239,test
-10000010277261,0,0,0.33356753,train
-10000010277263,0,0,0.23316607,train
-10000010277264,0,0,0.00026654903,train
-10000010277265,0,0,7.963321e-05,test
-10000010277266,0,0,0.00019722657,train
-10000010277267,0,0,0.007587956,train
-10000010277276,0,0,5.9328704e-05,test
-10000010277278,0,0,0.0003386895,train
-10000010277281,0,0,0.025829334,test
-10000010277283,0,0,0.019852052,test
-10000010277288,0,0,0.00012693356,train
-10000010277287,0,0,0.00025956033,train
-10000010277290,0,1,0.7911543,train
-10000010277291,0,0,0.0004337861,train
-10000010277292,0,0,4.4036027e-05,train
-10000010277294,0,0,0.01075423,train
-10000010277302,0,0,0.001839933,train
-10000010277306,0,0,2.6908518e-05,test
-10000010277307,0,0,0.00050315016,train
-10000010277310,0,0,5.9858237e-05,train
-10000010277311,0,0,0.27810085,train
-10000010277313,0,0,0.099864244,train
-10000010277316,1,1,0.75702566,train
-10000010277320,0,0,0.34035578,train
-10000010277321,0,0,0.007254504,train
-10000010277322,0,0,0.018105527,test
-10000010277326,0,0,0.03050003,train
-10000010277327,0,0,0.14820288,train
-10000010277328,1,1,0.89326024,train
-10000010277336,1,1,0.76415557,train
-10000010277339,1,1,0.95927703,train
-10000010277341,0,0,0.00013837476,train
-10000010277342,0,0,0.00013743273,train
-10000010277344,0,0,0.00044926105,train
-10000010277345,0,0,0.00014312578,train
-10000010277346,0,0,0.02635547,test
-10000010277347,0,0,0.010393978,train
-10000010277348,0,0,0.4445826,train
-10000010277349,0,0,0.0001368307,train
-10000010277361,0,0,0.0002237389,train
-10000010277364,0,0,4.8190064e-05,train
-10000010277367,0,0,3.8440816e-05,train
-10000010277368,0,0,0.0005049603,train
-10000010277374,0,0,0.27220967,test
-10000010277386,0,0,0.072576985,train
-10000010277387,0,0,0.015560146,train
-10000010277388,0,0,0.001654758,train
-10000010277406,0,0,3.5745587e-05,train
-10000010277409,0,0,0.0007567342,train
-10000010277417,0,0,0.0041519357,train
-10000010277428,0,0,0.00013081207,train
-10000010277432,0,1,0.93499005,test
-10000010277433,1,1,0.6038326,test
-10000010277440,1,1,0.9825471,train
-10000010277448,0,0,0.009549707,train
-10000010277451,0,0,3.1028387e-05,train
-10000010277455,0,0,0.00015204404,train
-10000010277460,0,0,2.580143e-05,train
-10000010277470,0,0,0.00021616551,train
-10000010277469,0,0,4.879083e-05,train
-10000010277472,0,0,0.016408471,train
-10000010277473,0,0,0.0011692785,train
-10000010277475,1,0,0.11562346,test
-10000010277478,0,0,3.531103e-05,train
-10000010277482,0,0,0.00018091525,train
-10000010277485,0,0,0.00012700367,test
-10000010277489,0,1,0.9446905,test
-10000010277498,1,1,0.8304123,train
-10000010277503,0,0,9.2854694e-05,train
-10000010277510,0,0,2.2673412e-05,train
-10000010277520,0,0,5.726678e-05,train
-10000010277523,0,0,4.5404366e-05,train
-10000010277525,0,0,5.9307833e-05,train
-10000010277527,0,0,3.969177e-05,test
-10000010277533,0,0,0.00013985847,test
-10000010277534,0,0,0.00024113139,train
-10000010277535,0,0,0.34804,train
-10000010277536,0,0,0.00088064565,train
-10000010277539,0,0,9.8929755e-05,train
-10000010277541,0,0,0.012110296,train
-10000010277544,0,0,7.241478e-05,train
-10000010277546,0,0,3.7115424e-05,train
-10000010277554,0,0,0.26440609,train
-10000010277556,0,0,0.045563698,train
-10000010277557,0,0,9.5611926e-05,train
-10000010277558,0,0,9.3856186e-05,train
-10000010277561,0,0,0.04872955,train
-10000010277563,0,0,4.185103e-05,test
-10000010277568,0,0,0.00070272473,train
-10000010277570,0,0,0.0016060759,train
-10000010277572,0,0,0.0045789317,train
-10000010277576,0,0,0.00028833197,test
-10000010277579,0,0,0.0003393039,test
-10000010277583,0,0,1.8272742e-05,train
-10000010277586,0,0,7.912537e-05,train
-10000010277590,1,1,0.999374,train
-10000010277595,0,0,0.21595925,train
-10000010277596,0,0,0.014519127,train
-10000010277597,0,0,6.053682e-05,train
-10000010277598,0,0,0.0030524097,train
-10000010277605,0,1,0.8354593,train
-10000010277606,0,0,0.0080396645,train
-10000010277608,0,0,3.2698714e-05,train
-10000010277610,0,0,0.00030293703,train
-10000010277611,0,0,0.17025249,test
-10000010277627,1,1,0.9909025,test
-10000010277628,1,1,0.9920684,train
-10000010277631,0,1,0.75489646,train
-10000010277632,0,0,0.0005154145,train
-10000010277637,1,1,0.9403802,test
-10000010277639,0,0,0.0003329231,train
-10000010277644,1,1,0.9986198,train
-10000010277647,0,0,2.2217646e-05,train
-10000010277652,0,0,5.671515e-05,train
-10000010277654,0,0,8.590009e-05,train
-10000010277655,0,0,0.00028833802,test
-10000010277656,1,1,0.91709876,train
-10000010277660,0,1,0.52695304,train
-10000010277669,1,1,0.9944494,train
-10000010277671,0,0,2.683886e-05,train
-10000010277674,0,0,3.7093556e-05,train
-10000010277676,1,1,0.91214967,train
-10000010277682,0,1,0.5975797,test
-10000010277683,0,0,1.8272742e-05,train
-10000010277685,0,0,7.107184e-05,train
-10000010277688,0,0,1.6026786e-05,train
-10000010277698,0,0,0.00020145583,train
-10000010277700,0,0,9.546097e-05,train
-10000010277705,1,1,0.97966695,train
-10000010277706,0,0,0.020694844,test
-10000010277714,0,0,0.0021792494,train
-10000010277718,0,0,3.0743155e-05,train
-10000010277720,0,0,2.5941517e-05,train
-10000010277721,0,1,0.93785065,train
-10000010277727,0,0,0.00013836368,train
-10000010277731,0,0,0.49155948,train
-10000010277742,0,0,3.9520903e-05,train
-10000010277743,0,0,6.547881e-05,test
-10000010277747,0,0,3.5828518e-05,train
-10000010277749,0,0,8.383216e-05,train
-10000010277753,0,0,0.001075409,train
-10000010277758,0,0,0.00044381418,train
-10000010277765,1,1,0.9249604,train
-10000010277773,0,0,4.5242672e-05,train
-10000010277775,0,0,0.00012004681,train
-10000010277779,0,0,0.0011670942,test
-10000010277780,1,1,0.9351336,train
-10000010277782,0,0,0.0003858835,test
-10000010277784,0,0,0.0749577,train
-10000010277785,0,0,0.21890907,train
-10000010277789,0,0,3.0431742e-05,train
-10000010277793,1,1,0.94296944,test
-10000010277796,0,0,0.0012982035,train
-10000010277797,1,1,0.9298916,train
-10000010277807,0,0,2.157891e-05,train
-10000010277815,0,0,5.4182045e-05,train
-10000010277819,0,0,3.1819236e-05,train
-10000010277821,0,0,0.069794245,train
-10000010277823,0,0,7.695419e-05,train
-10000010277829,0,0,9.256383e-05,train
-10000010277835,0,0,0.032262776,train
-10000010277839,1,1,0.73730886,train
-10000010277841,0,0,2.0809426e-05,test
-10000010277842,0,0,0.0060310294,train
-10000010277843,0,0,0.00011173883,test
-10000010277845,1,1,0.7381495,train
-10000010277850,0,0,6.114509e-05,train
-10000010277851,0,0,0.0033396182,train
-10000010277857,0,1,0.6860738,test
-10000010277858,0,0,0.00011203532,test
-10000010277863,0,0,0.000104626655,train
-10000010277866,0,0,4.092973e-05,train
-10000010277870,0,0,0.015648525,train
-10000010277878,0,0,0.0028601887,test
-10000010277884,0,0,6.547881e-05,test
-10000010277889,0,0,0.021134306,test
-10000010277890,0,0,7.0438815e-05,train
-10000010277892,0,0,0.00013664998,train
-10000010277895,0,0,0.37855405,test
-10000010277898,0,0,0.00035316695,train
-10000010277906,1,1,0.62658495,train
-10000010277907,0,0,0.16198659,test
-10000010277909,0,0,0.0013404876,train
-10000010277910,0,0,0.013948599,train
-10000010277912,0,1,0.61193454,train
-10000010277915,0,0,0.183131,train
-10000010277920,0,0,0.012529997,train
-10000010277923,0,0,0.00068823376,train
-10000010277922,1,1,0.7864546,train
-10000010277931,0,0,0.0007765135,train
-10000010277939,0,0,0.0024612152,train
-10000010277945,0,0,0.00010058261,train
-10000010277950,0,0,0.00029969178,train
-10000010277955,0,0,1.3557203e-05,train
-10000010277962,0,0,4.7563208e-05,train
-10000010277969,0,0,0.0026481545,test
-10000010277974,0,0,0.024590489,train
-10000010277982,0,0,6.5038395e-05,train
-10000010277983,0,0,0.00023590741,train
-10000010277985,0,0,0.00016269978,train
-10000010277987,0,0,0.0012986789,train
-10000010277988,1,1,0.76854604,train
-10000010277990,0,0,0.0004610265,test
-10000010277992,0,0,0.0051988615,train
-10000010277996,0,1,0.98081666,train
-10000010278003,1,0,0.09219428,test
-10000010278004,0,0,5.617157e-05,train
-10000010278005,0,0,0.00014835446,train
-10000010278006,0,0,0.0002091264,test
-10000010278019,0,0,5.8063357e-05,train
-10000010278018,0,0,0.002843045,test
-10000010278020,0,0,0.006128599,train
-10000010278021,0,0,0.21276936,test
-10000010278023,0,0,6.547881e-05,train
-10000010278034,0,0,0.40168747,train
-10000010278036,0,0,8.4378575e-05,train
-10000010278037,0,0,0.000101162346,train
-10000010278039,1,1,0.9952218,train
-10000010278043,0,0,0.00029716612,train
-10000010278046,0,0,6.826814e-05,test
-10000010278053,1,1,0.99850625,train
-10000010278052,0,0,0.045636438,train
-10000010278060,0,0,2.0809923e-05,train
-10000010278065,1,1,0.98637855,test
-10000010278067,1,1,0.73894,train
-10000010278074,0,0,3.975056e-05,test
-10000010278077,0,0,0.019426305,train
-10000010278078,0,0,5.332031e-05,test
-10000010278081,0,0,1.5273916e-05,test
-10000010278090,0,0,0.0070470385,train
-10000010278089,1,1,0.9938792,train
-10000010278096,1,1,0.9950223,train
-10000010278102,0,0,1.8036384e-05,train
-10000010278106,0,0,2.2083594e-05,train
-10000010278112,0,0,0.0001342462,test
-10000010278114,0,0,1.3566683e-05,train
-10000010278116,0,0,7.2410716e-05,train
-10000010278117,0,0,0.00012362505,test
-10000010278121,0,0,2.1721497e-05,train
-10000010278128,0,0,0.14787738,train
-10000010278145,0,0,0.0008090282,train
-10000010278146,0,0,0.00066966726,test
-10000010278151,0,0,6.547881e-05,train
-10000010278152,0,0,0.0002970273,train
-10000010278154,0,1,0.6189115,train
-10000010278157,0,0,4.5419696e-05,test
-10000010278159,0,0,0.00042986995,train
-10000010278163,0,1,0.5266778,train
-10000010278164,0,1,0.7774715,train
-10000010278165,0,1,0.96778274,test
-10000010278167,0,0,0.1812651,train
-10000010278174,0,0,0.0001674128,train
-10000010278176,0,0,4.624927e-05,train
-10000010278180,0,0,9.807546e-05,train
-10000010278187,0,0,5.5166605e-05,train
-10000010278192,0,0,8.462386e-05,train
-10000010278195,0,0,9.835043e-05,train
-10000010278198,0,0,0.0013083396,train
-10000010278199,0,0,6.5593806e-05,train
-10000010278204,0,0,0.0001417901,train
-10000010278209,0,0,6.515492e-05,test
-10000010278221,0,0,0.20758784,train
-10000010278229,0,0,3.3755376e-05,train
-10000010278230,0,0,0.000101990496,train
-10000010278233,0,0,2.613134e-05,test
-10000010278235,1,1,0.80350244,train
-10000010278238,0,0,8.950369e-05,test
-10000010278239,0,0,3.60709e-05,train
-10000010278241,0,0,0.0060128653,test
-10000010278248,0,0,0.27819902,test
-10000010278249,0,0,0.46922383,train
-10000010278252,0,0,0.00021282645,train
-10000010278263,0,0,7.532481e-05,test
-10000010278266,0,0,0.22290678,train
-10000010278272,0,1,0.73651546,train
-10000010278273,0,0,0.00017419916,test
-10000010278283,0,0,0.00011198342,train
-10000010278285,0,0,5.823159e-05,train
-10000010278291,0,0,3.7315163e-05,train
-10000010278293,0,0,0.16966116,train
-10000010278294,0,0,9.448874e-05,test
-10000010278300,0,0,0.021915061,train
-10000010278301,0,0,5.2732525e-05,train
-10000010278303,0,1,0.77715975,train
-10000010278305,0,0,0.0003053038,train
-10000010278318,0,0,0.12472922,train
-10000010278321,0,0,0.0017010601,train
-10000010278324,0,0,0.10484831,test
-10000010278325,0,0,0.027014904,train
-10000010278326,0,0,0.0004223178,train
-10000010278332,0,1,0.5759697,train
-10000010278333,0,0,0.050010864,train
-10000010278334,0,0,0.0011620955,train
-10000010278336,0,0,0.00033564825,train
-10000010278341,0,0,0.22816171,test
-10000010278343,0,0,0.15423386,test
-10000010278344,0,0,0.00028019762,train
-10000010278345,1,1,0.9357066,train
-10000010278351,0,0,0.00019255275,train
-10000010278352,0,0,7.6206474e-05,train
-10000010278354,0,0,6.825226e-05,train
-10000010278356,0,0,0.04308387,train
-10000010278361,0,0,0.00011703435,test
-10000010278368,0,0,0.00013500037,train
-10000010278371,0,0,0.010957334,train
-10000010278376,0,0,5.937812e-05,train
-10000010278380,0,0,5.1428775e-05,train
-10000010278384,0,0,7.116692e-05,train
-10000010278392,0,0,0.115264304,train
-10000010278396,1,1,0.99912816,train
-10000010278397,0,0,0.34782067,train
-10000010278403,0,0,0.023735913,train
-10000010278404,0,0,7.3201845e-05,train
-10000010278410,0,0,0.00026284056,train
-10000010278413,0,0,0.0027676746,train
-10000010278418,0,0,0.023632439,train
-10000010278421,0,0,0.00185219,train
-10000010278422,0,0,0.00030098113,train
-10000010278423,0,0,0.010317187,train
-10000010278430,0,0,0.0041683083,test
-10000010278434,0,0,6.07373e-05,train
-10000010278442,0,0,0.00031226908,train
-10000010278441,0,0,0.00022420121,train
-10000010278443,0,0,0.0024794494,train
-10000010278447,0,0,0.00016026622,train
-10000010278448,0,0,5.860853e-05,train
-10000010278452,0,0,0.008147774,train
-10000010278453,0,0,8.729347e-05,test
-10000010278455,0,1,0.6336507,train
-10000010278458,0,0,0.019659562,train
-10000010278464,0,0,5.309634e-05,train
-10000010278467,0,0,3.8729777e-05,train
-10000010278471,0,0,0.00018401253,train
-10000010278473,0,0,8.644621e-05,train
-10000010278476,0,0,0.0014758614,train
-10000010278477,0,0,0.020844359,train
-10000010278480,0,0,0.00046190762,train
-10000010278482,0,0,0.0026163443,test
-10000010278484,0,0,3.7093556e-05,train
-10000010278486,0,0,9.662445e-05,train
-10000010278487,1,1,0.98378825,test
-10000010278488,0,0,0.006203811,train
-10000010278492,0,0,0.00017400079,train
-10000010278500,0,0,2.848429e-05,train
-10000010278503,0,0,0.0008544555,test
-10000010278506,1,1,0.9676721,test
-10000010278511,0,0,0.0068674516,train
-10000010278522,0,0,8.4035135e-05,train
-10000010278537,0,0,0.00010379629,train
-10000010278540,0,0,9.1526716e-05,train
-10000010278543,0,0,0.029591974,train
-10000010278544,0,0,0.0010964355,train
-10000010278552,0,0,0.007497175,train
-10000010278555,0,0,0.00035912276,test
-10000010278557,1,1,0.9622093,train
-10000010278558,0,0,0.00013449605,train
-10000010278560,0,0,0.17982765,train
-10000010278564,0,0,9.91654e-05,train
-10000010278567,0,0,5.6935758e-05,train
-10000010278568,1,1,0.9790071,train
-10000010278569,0,0,4.3055417e-05,train
-10000010278573,0,0,0.103569016,train
-10000010278579,1,0,0.117244415,test
-10000010278584,0,0,0.00015114149,train
-10000010278588,1,1,0.89049226,train
-10000010278593,0,1,0.77067614,train
-10000010278595,0,0,5.3143754e-05,train
-10000010278596,0,0,5.841586e-05,train
-10000010278600,0,0,0.0005932548,train
-10000010278602,1,1,0.9975769,train
-10000010278611,0,0,0.0001392554,train
-10000010278612,0,1,0.89415795,train
-10000010278616,1,1,0.97150606,train
-10000010278617,0,0,6.826814e-05,test
-10000010278626,0,0,0.00013809926,train
-10000010278628,0,0,0.0001465633,train
-10000010278631,0,0,0.17605655,train
-10000010278634,1,1,0.78201723,train
-10000010278637,0,0,0.0010976498,train
-10000010278643,0,0,0.009932367,train
-10000010278645,0,0,0.011407471,train
-10000010278647,1,1,0.9644996,train
-10000010278668,0,0,0.0008073136,train
-10000010278670,0,0,6.115692e-05,train
-10000010278671,0,0,5.0552844e-05,train
-10000010278677,0,0,0.000431863,train
-10000010278679,0,0,4.8593025e-05,train
-10000010278681,0,0,2.031946e-05,test
-10000010278683,0,0,0.00011948835,test
-10000010278684,0,0,0.0120354295,test
-10000010278685,0,0,4.6584442e-05,train
-10000010278686,0,0,7.11387e-05,train
-10000010278687,0,0,0.0001259202,test
-10000010278689,1,0,0.14206758,test
-10000010278691,0,0,0.000479318,test
-10000010278693,0,0,0.0019046249,test
-10000010278694,0,0,0.00088526827,train
-10000010278704,0,0,7.153905e-05,test
-10000010278709,0,0,3.2573535e-05,train
-10000010278711,0,0,9.615118e-05,train
-10000010278718,0,0,0.00022330604,train
-10000010278722,0,0,6.826814e-05,train
-10000010278725,0,0,0.0062312796,test
-10000010278727,0,0,9.880951e-06,train
-10000010278726,1,1,0.88695645,train
-10000010278730,0,0,0.0014790412,train
-10000010278731,0,0,7.3358235e-05,test
-10000010278733,0,0,4.821801e-05,train
-10000010278734,1,1,0.94833606,train
-10000010278759,1,1,0.9866469,train
-10000010278760,0,0,0.00029623433,train
-10000010278762,0,0,8.459877e-05,test
-10000010278767,0,0,9.3617164e-05,train
-10000010278768,0,0,4.0876173e-05,train
-10000010278775,0,0,0.0021590793,train
-10000010278777,0,0,3.8866194e-05,train
-10000010278779,0,0,0.00013673614,test
-10000010278784,0,0,0.009743016,train
-10000010278788,0,0,0.0001600222,train
-10000010278787,0,0,4.880223e-05,train
-10000010278789,0,0,0.026325008,test
-10000010278795,0,0,9.299719e-05,train
-10000010278804,0,0,3.0292384e-05,train
-10000010278809,0,0,1.48003655e-05,test
-10000010278819,0,0,5.999007e-05,train
-10000010278823,0,0,0.012904191,test
-10000010278824,0,0,0.013569782,train
-10000010278832,0,0,2.157891e-05,train
-10000010278836,0,0,6.404675e-05,train
-10000010278845,1,1,0.92012596,test
-10000010278851,0,0,0.0023797024,train
-10000010278861,0,0,0.017664501,test
-10000010278872,0,0,6.0345577e-05,test
-10000010278899,0,0,3.336483e-05,train
-10000010278902,0,0,0.0004472436,train
-10000010278908,0,0,0.34046215,train
-10000010278909,1,1,0.8561304,test
-10000010278910,0,1,0.747357,train
-10000010278913,0,0,0.22270784,train
-10000010278914,0,0,1.3480505e-05,train
-10000010278915,1,1,0.999151,train
-10000010278923,0,0,0.00010633625,test
-10000010278935,0,0,2.3190309e-05,train
-10000010278936,0,0,0.00024686402,train
-10000010278944,0,0,0.00017608977,train
-10000010278950,0,0,5.6175806e-05,train
-10000010278949,1,1,0.864054,train
-10000010278951,0,0,5.9957583e-05,train
-10000010278952,1,1,0.99660504,train
-10000010278953,0,0,0.0005820892,test
-10000010278962,1,1,0.8958858,train
-10000010278972,0,1,0.95324075,test
-10000010278978,0,0,4.6976256e-05,train
-10000010278982,0,0,0.00033412248,train
-10000010278983,0,0,4.981201e-05,train
-10000010278991,0,0,0.00017115733,train
-10000010278992,0,0,0.00016215153,train
-10000010278996,0,0,0.025987575,train
-10000010278999,0,1,0.75430685,train
-10000010279005,0,0,0.011304307,train
-10000010279015,0,1,0.60284406,test
-10000010279031,0,0,2.157891e-05,train
-10000010279037,0,0,5.8063357e-05,train
-10000010279041,0,0,0.0010721724,test
-10000010279043,0,0,2.5209307e-05,train
-10000010279054,0,0,0.00019752336,train
-10000010279058,0,0,0.00027672376,test
-10000010279059,0,0,1.6067279e-05,test
-10000010279060,0,0,7.86048e-05,train
-10000010279062,0,0,9.812448e-05,test
-10000010279070,0,0,0.0015071421,train
-10000010279071,0,0,0.00012585417,train
-10000010279072,0,0,0.0001319364,test
-10000010279076,0,0,6.572416e-05,test
-10000010279078,0,0,3.463759e-05,train
-10000010279079,0,0,0.0062724194,train
-10000010279086,1,1,0.9731959,train
-10000010279094,0,0,4.577006e-05,train
-10000010279099,0,0,0.00018481682,train
-10000010279106,0,0,5.4790224e-05,train
-10000010279116,0,0,0.00014642556,train
-10000010279117,0,0,2.1288924e-05,train
-10000010279120,0,0,0.005828519,train
-10000010279127,0,0,0.0006717607,train
-10000010279128,0,0,0.015569997,test
-10000010279137,0,0,0.0022999833,train
-10000010279140,0,0,0.00013944408,train
-10000010279148,1,1,0.96803343,test
-10000010279153,0,0,0.0007765442,train
-10000010279162,1,1,0.9405504,train
-10000010279167,0,0,7.525991e-05,train
-10000010279170,0,0,0.20100774,train
-10000010279171,0,0,0.045805294,train
-10000010279175,0,0,0.14486937,train
-10000010279178,0,0,4.0281753e-05,train
-10000010279179,0,0,5.1705927e-05,train
-10000010279195,0,0,3.0735795e-05,train
-10000010279206,0,0,0.00011507056,train
-10000010279212,0,0,2.3830878e-05,train
-10000010279226,0,0,0.043256834,train
-10000010279230,0,0,0.00198575,train
-10000010279231,0,0,0.027851393,train
-10000010279235,1,1,0.62942445,train
-10000010279242,0,0,0.0007336456,train
-10000010279243,0,0,0.00015096735,train
-10000010279244,0,0,3.715282e-05,train
-10000010279246,0,0,0.25336474,train
-10000010279250,0,0,0.0001860646,train
-10000010279257,0,0,0.05944039,train
-10000010279258,0,0,0.00013918238,train
-10000010279262,0,0,0.0013105976,train
-10000010279278,0,0,4.8264475e-05,train
-10000010279281,0,0,0.00010747431,train
-10000010279296,0,0,0.2843435,train
-10000010279297,0,0,5.7878384e-05,train
-10000010279299,0,0,2.0375071e-05,train
-10000010279302,0,0,0.16863535,train
-10000010279305,0,0,0.00011263508,train
-10000010279308,0,1,0.5568341,train
-10000010279309,0,0,0.00016327403,train
-10000010279310,1,1,0.63865554,train
-10000010279311,0,0,7.107184e-05,train
-10000010279315,0,0,9.475572e-06,train
-10000010279322,0,0,0.018141806,train
-10000010279331,0,0,2.6099362e-05,test
-10000010279333,0,0,0.4033879,train
-10000010279334,1,1,0.9944291,train
-10000010279335,0,0,0.022327837,train
-10000010279356,0,0,3.0038285e-05,train
-10000010279360,0,0,0.01364886,test
-10000010279363,0,1,0.9591645,train
-10000010279370,0,0,0.00019583243,test
-10000010279373,0,0,0.20726016,test
-10000010279380,1,1,0.9858181,test
-10000010279384,0,0,4.201202e-05,test
-10000010279393,0,0,0.086116455,train
-10000010279401,0,0,2.1217276e-05,train
-10000010279402,0,0,0.0004008363,train
-10000010279403,0,0,4.5726516e-05,train
-10000010279404,0,0,0.45928493,train
-10000010279410,0,0,0.023962025,train
-10000010279421,0,0,0.0046959333,train
-10000010279436,0,1,0.87955105,train
-10000010279444,0,0,0.011505355,test
-10000010279449,0,0,0.048085082,train
-10000010279450,1,1,0.9856765,train
-10000010279459,1,1,0.8810841,train
-10000010279460,0,0,3.1028387e-05,train
-10000010279461,0,0,0.015217562,train
-10000010279468,0,0,0.002757848,test
-10000010279469,0,0,8.039875e-05,test
-10000010279478,0,0,0.006849536,test
-10000010279482,0,0,0.003699914,train
-10000010279491,0,0,5.97398e-05,train
-10000010279494,0,0,0.00038189287,train
-10000010279497,0,1,0.6875366,train
-10000010279498,0,0,2.2071003e-05,train
-10000010279502,0,0,0.0012453456,train
-10000010279516,0,0,5.392992e-05,test
-10000010279521,0,0,0.0020340106,test
-10000010279522,0,0,5.918478e-05,train
-10000010279525,0,0,0.00017110772,train
-10000010279528,0,0,0.20287251,test
-10000010279530,0,1,0.96560204,train
-10000010279543,0,0,2.9704031e-05,test
-10000010279554,1,1,0.97326386,train
-10000010279556,0,0,0.18383475,train
-10000010279562,0,0,0.0001556871,train
-10000010279563,0,0,0.46345183,test
-10000010279566,0,0,0.00031124457,train
-10000010279567,0,0,4.2012343e-05,train
-10000010279576,0,0,0.0061211097,train
-10000010279578,0,0,0.07493072,train
-10000010279591,0,0,0.00016735471,train
-10000010279595,0,0,0.30412915,test
-10000010279600,0,0,6.567655e-05,train
-10000010279602,0,0,4.9968254e-05,train
-10000010279606,0,0,0.00010470829,test
-10000010279608,1,1,0.97523695,train
-10000010279613,1,1,0.84812146,train
-10000010279615,0,0,0.020588493,train
-10000010279621,0,0,0.00071003335,train
-10000010279623,0,0,0.0003237777,test
-10000010279626,0,0,0.001575515,train
-10000010279634,0,0,0.00017907696,train
-10000010279643,0,0,9.548755e-05,train
-10000010279651,0,0,3.4075052e-05,train
-10000010279661,0,0,0.04790326,train
-10000010279665,0,0,0.06786133,train
-10000010279669,1,1,0.96853876,train
-10000010279670,1,1,0.99871707,train
-10000010279674,0,0,0.0024958018,train
-10000010279675,0,0,0.33142886,test
-10000010279677,0,1,0.92856264,train
-10000010279678,0,0,3.617041e-05,train
-10000010279688,0,0,5.5490353e-05,train
-10000010279690,0,0,0.00021038316,train
-10000010279694,1,1,0.99239784,train
-10000010279696,1,1,0.99928147,train
-10000010279714,0,0,2.3277697e-05,train
-10000010279720,0,0,0.00039357613,train
-10000010279721,0,0,0.000101769096,train
-10000010279724,0,0,8.190769e-05,train
-10000010279725,0,0,0.004689292,test
-10000010279737,0,1,0.6184419,train
-10000010279740,0,0,8.463233e-05,test
-10000010279741,0,0,0.0014287443,train
-10000010279748,0,0,0.24500933,test
-10000010279749,0,0,0.0030708543,train
-10000010279750,0,0,0.03408991,train
-10000010279752,0,0,0.4611357,train
-10000010279769,1,1,0.9916604,train
-10000010279774,0,0,0.0032521375,train
-10000010279776,0,0,7.246708e-05,train
-10000010279781,0,0,0.0001391013,train
-10000010279782,0,0,0.018484987,train
-10000010279798,0,0,0.014482901,train
-10000010279800,0,0,0.0030348515,train
-10000010279799,0,0,4.7917358e-05,train
-10000010279806,0,0,0.00017509858,train
-10000010279807,0,0,0.0058051124,train
-10000010279808,0,0,0.0015403302,test
-10000010279812,0,0,0.0026953418,train
-10000010279816,0,0,0.043213192,train
-10000010279817,0,0,6.3512074e-05,train
-10000010279823,0,1,0.79565763,train
-10000010279828,0,1,0.59530914,train
-10000010279832,0,0,0.0075038164,train
-10000010279846,0,0,6.826814e-05,train
-10000010279848,1,1,0.99948835,train
-10000010279864,0,0,0.008482641,train
-10000010279867,0,0,0.088759646,train
-10000010279870,0,0,0.0937801,train
-10000010279876,0,0,0.011822587,train
-10000010279883,0,0,0.0029721837,train
-10000010279885,0,0,1.382053e-05,train
-10000010279893,0,0,6.9690635e-05,train
-10000010279894,0,0,0.018423645,test
-10000010279896,0,1,0.8223698,train
-10000010279900,0,1,0.7338654,test
-10000010279904,0,0,0.0003936238,train
-10000010279907,0,0,1.8905523e-05,test
-10000010279916,0,0,0.00033834955,train
-10000010279920,0,0,5.224549e-05,train
-10000010279921,0,0,6.161252e-05,test
-10000010279931,0,0,3.8241655e-05,train
-10000010279934,0,0,3.0263134e-05,train
-10000010279949,0,0,0.00015860159,train
-10000010279951,0,0,0.00036094533,train
-10000010279957,0,0,6.443766e-05,test
-10000010279967,1,1,0.9519611,test
-10000010279990,0,0,0.00010538182,train
-10000010279991,0,1,0.6727591,test
-10000010279992,0,0,0.0002518429,train
-10000010280007,0,0,0.00033089195,train
-10000010280010,0,1,0.60968876,train
-10000010280012,0,0,0.13135873,train
-10000010280017,0,0,0.00057461805,test
-10000010280019,0,0,4.250463e-05,train
-10000010280020,0,0,6.639664e-05,train
-10000010280027,0,0,0.00022223638,train
-10000010280036,1,1,0.8895556,train
-10000010280047,0,0,9.19803e-05,train
-10000010280051,0,1,0.6222168,test
-10000010280053,0,0,6.570787e-05,train
-10000010280058,1,1,0.95554173,train
-10000010280062,1,1,0.9877186,train
-10000010280064,0,0,2.205049e-05,train
-10000010280067,0,1,0.7452039,train
-10000010280074,0,0,0.00011628457,test
-10000010280079,0,0,0.1890169,train
-10000010280080,0,0,0.0956121,test
-10000010280087,0,0,0.0017911376,train
-10000010280088,0,0,0.00054477504,train
-10000010280109,0,0,0.027762912,test
-10000010280114,0,0,0.001616717,train
-10000010280119,0,0,8.5280444e-05,train
-10000010280137,0,0,0.0002494132,train
-10000010280146,0,0,6.0992737e-05,test
-10000010280148,0,0,0.00027562972,train
-10000010280153,0,0,0.00020697214,test
-10000010280154,0,1,0.6777279,train
-10000010280162,0,0,0.0072948486,test
-10000010280165,0,0,0.00040965417,test
-10000010280170,0,1,0.5592098,train
-10000010280179,0,0,0.015890963,test
-10000010280184,0,0,7.474894e-05,train
-10000010280185,0,0,0.0001807997,train
-10000010280189,0,0,4.303214e-05,train
-10000010280190,0,0,0.0009481072,train
-10000010280195,0,0,0.00012504397,test
-10000010280199,0,0,4.6780588e-05,test
-10000010280206,0,0,0.00010000142,train
-10000010280211,0,0,0.04344988,test
-10000010280215,0,0,2.3018183e-05,train
-10000010280222,0,0,6.547344e-05,train
-10000010280228,0,0,4.8338126e-05,test
-10000010280233,0,0,3.971555e-05,train
-10000010280235,0,0,4.8593025e-05,train
-10000010280236,0,0,0.0017027436,train
-10000010280240,0,0,9.558539e-05,train
-10000010280243,0,0,0.19669768,train
-10000010280251,0,0,6.6051136e-05,train
-10000010280257,0,0,0.066736154,train
-10000010280260,0,0,4.370498e-05,train
-10000010280264,0,1,0.6542257,train
-10000010280266,0,0,0.07711524,train
-10000010280271,0,0,0.006712775,train
-10000010280272,0,0,5.2318883e-05,train
-10000010280273,0,0,0.008160567,test
-10000010280274,1,1,0.9988656,train
-10000010280279,1,1,0.9617177,train
-10000010280281,0,1,0.79995924,test
-10000010280285,0,0,0.0015714272,train
-10000010280286,0,0,0.00013212183,train
-10000010280287,0,0,0.00011526824,test
-10000010280299,0,0,0.12652203,train
-10000010280300,0,0,0.00086132484,train
-10000010280301,0,0,0.011734991,train
-10000010280302,0,0,0.024095392,train
-10000010280309,0,0,0.00029619166,test
-10000010280311,0,0,2.650846e-05,train
-10000010280316,0,0,0.033290233,train
-10000010280318,0,0,5.347317e-05,train
-10000010280326,0,0,0.010135094,test
-10000010280335,0,0,0.0793176,train
-10000010280336,0,0,3.2604177e-05,test
-10000010280340,0,0,0.0053994637,test
-10000010280346,0,0,0.0025527172,train
-10000010280349,0,0,0.0031431094,train
-10000010280356,0,0,0.24602321,train
-10000010280358,0,1,0.9688044,test
-10000010280360,1,0,0.30820936,test
-10000010280364,0,0,0.000114640476,train
-10000010280378,0,0,0.00040899494,train
-10000010280383,0,0,6.3177904e-05,test
-10000010280392,0,0,0.01836657,test
-10000010280394,0,0,3.2421958e-05,train
-10000010280397,0,0,0.021979613,train
-10000010280399,0,0,4.22797e-05,test
-10000010280402,1,1,0.9830224,test
-10000010280409,0,0,1.3557203e-05,train
-10000010280426,0,0,4.022475e-05,train
-10000010280429,0,0,0.0001852155,train
-10000010280434,0,0,0.00023643544,train
-10000010280435,0,0,3.8472575e-05,train
-10000010280438,0,0,0.000109033965,train
-10000010280442,0,0,4.092747e-05,train
-10000010280455,0,0,0.00019938969,train
-10000010280472,0,0,0.00020601369,test
-10000010280473,0,0,8.974829e-05,train
-10000010280475,0,1,0.5246504,train
-10000010280481,0,1,0.6169747,train
-10000010280490,0,1,0.67747116,train
-10000010280491,0,0,0.00012453408,train
-10000010280504,0,0,0.0001359527,train
-10000010280505,0,0,3.7946345e-05,train
-10000010280507,0,0,0.0029346405,train
-10000010280510,0,0,0.00016890043,train
-10000010280514,0,0,0.36760876,train
-10000010280519,0,0,6.569234e-05,train
-10000010280521,0,0,0.018653976,train
-10000010280525,0,0,0.15363932,train
-10000010280536,0,0,0.04393482,test
-10000010280538,0,0,6.826814e-05,train
-10000010280550,0,0,0.00040246913,train
-10000010280551,0,1,0.9497686,train
-10000010280552,0,0,0.00011203532,train
-10000010280553,0,0,3.36979e-05,test
-10000010280554,0,0,0.00014452628,train
-10000010280557,0,0,4.8410737e-05,train
-10000010280558,0,0,5.337581e-05,train
-10000010280562,0,0,8.0943784e-05,train
-10000010280567,0,1,0.8422539,train
-10000010280568,0,0,0.27996376,train
-10000010280572,0,0,8.28686e-05,train
-10000010280576,0,0,0.021965606,train
-10000010280577,0,0,0.000111678535,train
-10000010280578,0,0,4.314506e-05,train
-10000010280580,0,0,0.019071892,train
-10000010280582,0,0,0.031507045,train
-10000010280583,0,0,0.006452032,train
-10000010280584,0,0,0.017610542,train
-10000010280597,0,0,5.5552355e-05,test
-10000010280598,0,0,0.0010644174,train
-10000010280605,0,0,0.20302565,train
-10000010280610,0,0,0.000949764,train
-10000010280617,0,0,0.0054182587,train
-10000010280623,1,1,0.781602,train
-10000010280624,0,0,0.0038587733,test
-10000010280625,0,0,3.470623e-05,train
-10000010280627,0,0,4.9739054e-05,train
-10000010280628,0,0,0.00011099694,train
-10000010280632,0,0,0.00080346287,train
-10000010280640,0,0,7.421737e-05,train
-10000010280644,0,0,0.00013560159,train
-10000010280645,0,0,2.3604787e-05,test
-10000010280649,0,0,5.609455e-05,train
-10000010280653,0,0,3.9125018e-05,train
-10000010280661,0,0,0.027458573,train
-10000010280663,0,0,0.0023297267,train
-10000010280668,0,0,6.923834e-05,test
-10000010280669,1,1,0.98587763,train
-10000010280672,1,1,0.81610423,train
-10000010280679,0,0,0.00012897329,test
-10000010280690,0,1,0.6144794,train
-10000010280692,0,0,0.09727672,train
-10000010280694,0,0,6.279829e-05,train
-10000010280697,0,0,3.496832e-05,train
-10000010280698,0,0,0.0060022725,train
-10000010280710,0,0,1.6147402e-05,train
-10000010280713,0,0,0.00029398294,train
-10000010280716,0,0,0.00034516878,train
-10000010280719,0,0,3.820863e-05,train
-10000010280724,0,0,0.0003060487,train
-10000010280728,0,0,0.00036382533,train
-10000010280737,0,0,0.0105044255,train
-10000010280744,1,1,0.9910287,train
-10000010280747,0,0,0.008714836,train
-10000010280751,0,0,0.0045126644,test
-10000010280754,0,0,6.826814e-05,train
-10000010280756,0,0,7.704289e-05,train
-10000010280761,0,0,0.40346643,train
-10000010280765,0,0,0.041568823,train
-10000010280766,0,0,0.019786399,train
-10000010280778,0,0,5.247948e-05,train
-10000010280790,0,0,7.773578e-05,train
-10000010280798,0,0,0.00011089273,train
-10000010280799,0,0,0.00020272894,train
-10000010280801,0,0,5.5574666e-05,train
-10000010280803,0,0,0.00019430225,train
-10000010280804,0,1,0.71126765,train
-10000010280806,0,0,5.4204113e-05,train
-10000010280807,1,1,0.8059273,train
-10000010280811,0,0,0.001024749,train
-10000010280817,1,1,0.9764533,train
-10000010280818,0,0,0.00010688379,test
-10000010280820,0,0,0.00055198465,train
-10000010280823,0,0,9.230883e-05,train
-10000010280824,0,0,0.2850023,train
-10000010280825,0,0,0.03079132,train
-10000010280828,0,0,0.00026846852,train
-10000010280836,0,0,0.43780687,train
-10000010280845,0,0,4.977763e-05,train
-10000010280855,0,0,0.00019969486,train
-10000010280858,0,0,7.8303965e-05,train
-10000010280862,0,0,3.884778e-05,train
-10000010280866,0,1,0.77450514,train
-10000010280870,0,0,0.02565566,train
-10000010280872,0,0,0.0036327597,train
-10000010280883,0,0,0.0006954153,train
-10000010280889,0,0,0.0007206172,train
-10000010280890,0,0,2.702816e-05,test
-10000010280896,0,0,0.008655516,train
-10000010280897,0,0,2.0036594e-05,test
-10000010280904,0,0,4.759615e-05,train
-10000010280906,0,0,0.06772881,train
-10000010280908,0,0,7.3669486e-05,train
-10000010280909,0,0,0.29237768,train
-10000010280911,1,1,0.68805283,train
-10000010280913,0,1,0.8983499,train
-10000010280929,0,0,0.0002408878,train
-10000010280932,0,0,1.7504979e-05,train
-10000010280935,1,1,0.95809114,train
-10000010280947,0,0,0.029411191,test
-10000010280957,0,0,2.6543468e-05,train
-10000010280969,0,0,0.039196167,train
-10000010280970,0,0,0.32872707,train
-10000010280973,0,0,0.0011016793,train
-10000010280986,0,0,0.00014949034,train
-10000010280987,0,0,6.39577e-05,test
-10000010280989,0,0,0.26440167,train
-10000010280994,0,1,0.6106493,test
-10000010280995,0,0,0.00024074317,train
-10000010280996,0,0,0.00070090545,test
-10000010280999,0,0,0.0002051385,train
-10000010281004,0,0,4.5382894e-05,test
-10000010281005,0,0,0.0038926734,train
-10000010281010,0,0,0.108490884,test
-10000010281030,0,0,0.16624384,train
-10000010281032,0,0,0.00016808379,train
-10000010281036,0,0,1.998324e-05,train
-10000010281039,0,0,2.848429e-05,train
-10000010281049,0,0,0.0021822264,test
-10000010281053,0,0,0.00012892435,train
-10000010281055,0,0,9.951154e-05,train
-10000010281058,0,0,0.052337486,train
-10000010281062,0,0,0.35833892,test
-10000010281066,0,0,0.004660889,train
-10000010281075,0,0,6.756821e-05,train
-10000010281080,0,0,0.0028928707,test
-10000010281086,0,0,3.9116476e-05,train
-10000010281088,0,0,8.894342e-05,train
-10000010281091,0,0,2.8426166e-05,train
-10000010281092,1,1,0.75619555,train
-10000010281095,0,0,0.024667487,train
-10000010281102,0,0,2.6810336e-05,train
-10000010281105,0,0,0.03907701,test
-10000010281107,0,0,5.157223e-05,train
-10000010281109,0,0,3.8812304e-05,train
-10000010281118,0,0,1.8421342e-05,train
-10000010281123,0,0,0.00016730413,train
-10000010281126,0,0,0.00011089273,train
-10000010281129,0,0,0.00013811151,test
-10000010281130,0,1,0.69761866,test
-10000010281134,0,0,9.6900796e-05,train
-10000010281138,0,0,6.547881e-05,train
-10000010281140,0,0,0.0002670723,train
-10000010281145,0,0,0.000113707974,train
-10000010281149,0,0,3.534789e-05,train
-10000010281153,0,0,3.384014e-05,train
-10000010281155,0,0,9.254054e-05,train
-10000010281163,1,1,0.99285114,train
-10000010281167,1,1,0.7836906,train
-10000010281171,0,0,0.007030559,test
-10000010281173,0,0,4.044079e-05,train
-10000010281178,1,1,0.97008455,train
-10000010281179,0,0,5.2807452e-05,train
-10000010281186,0,0,0.39419124,train
-10000010281187,0,0,4.7673875e-05,train
-10000010281190,0,0,0.00012971071,train
-10000010281195,0,0,0.00014013668,train
-10000010281197,0,0,8.4941676e-05,train
-10000010281199,0,0,0.24155523,train
-10000010281210,0,0,0.00019681292,train
-10000010281211,0,0,0.12826253,train
-10000010281221,0,0,0.00029909692,train
-10000010281222,0,0,0.2827215,train
-10000010281223,0,1,0.93954813,train
-10000010281225,0,0,0.00047640144,train
-10000010281236,0,0,0.0070135854,train
-10000010281238,0,0,0.00013244184,train
-10000010281237,0,0,0.00012159116,train
-10000010281248,0,0,4.476889e-05,train
-10000010281249,0,0,0.0009548468,train
-10000010281255,0,0,6.826814e-05,train
-10000010281256,0,0,1.6130978e-05,train
-10000010281266,0,0,0.00237658,train
-10000010281267,0,0,0.0391509,train
-10000010281272,0,0,0.00011448588,test
-10000010281277,0,0,0.0001128656,test
-10000010281280,0,0,9.778457e-05,test
-10000010281287,0,0,3.283151e-05,train
-10000010281295,0,0,0.00928553,test
-10000010281297,1,1,0.9521075,train
-10000010281299,0,0,6.142971e-05,train
-10000010281303,0,0,0.00033700725,test
-10000010281304,0,0,0.00018946108,train
-10000010281305,0,0,8.0698854e-05,train
-10000010281306,0,0,4.2828102e-05,test
-10000010281307,1,1,0.9422603,train
-10000010281308,0,0,0.022458633,train
-10000010281321,0,0,7.382561e-05,train
-10000010281326,1,1,0.98332894,train
-10000010281333,0,0,0.23115878,test
-10000010281336,1,1,0.9601598,test
-10000010281341,0,0,0.0059536505,test
-10000010281344,0,0,0.017257465,train
-10000010281347,0,0,3.537608e-05,train
-10000010281349,1,1,0.8958424,train
-10000010281352,0,0,3.7572256e-05,train
-10000010281356,0,0,0.022126542,train
-10000010281357,0,0,0.00012559378,train
-10000010281359,0,0,0.00014971614,train
-10000010281362,0,1,0.5503836,train
-10000010281365,0,0,0.00219297,train
-10000010281366,1,1,0.92513335,test
-10000010281368,0,0,0.0012089389,train
-10000010281369,0,0,2.157891e-05,train
-10000010281370,0,0,6.514958e-05,train
-10000010281372,0,0,0.00011713852,test
-10000010281378,0,0,0.0001832002,train
-10000010281383,0,0,0.00010818358,train
-10000010281387,0,0,0.10670721,train
-10000010281388,0,0,1.756565e-05,train
-10000010281397,0,0,0.00038797292,train
-10000010281402,0,0,0.00015328005,train
-10000010281403,0,0,4.2392378e-05,train
-10000010281407,1,1,0.97998786,train
-10000010281410,0,0,0.37117735,train
-10000010281411,0,0,3.5722755e-05,train
-10000010281416,0,0,0.011877849,train
-10000010281417,0,0,0.004784132,test
-10000010281418,1,1,0.96925116,train
-10000010281419,0,0,0.0008620654,train
-10000010281421,0,0,3.68455e-05,train
-10000010281422,0,0,0.00028294764,train
-10000010281423,0,0,0.00075215095,test
-10000010281426,0,0,5.2755153e-05,train
-10000010281442,0,0,5.798534e-05,train
-10000010281451,0,0,8.292702e-05,train
-10000010281452,0,0,7.5189746e-05,train
-10000010281463,0,0,2.3075021e-05,train
-10000010281466,0,0,0.0049456623,train
-10000010281467,0,0,0.0007356808,train
-10000010281479,0,0,0.033466876,train
-10000010281485,0,0,5.6183733e-05,test
-10000010281487,0,0,2.5123843e-05,train
-10000010281488,0,0,0.010049963,train
-10000010281491,0,0,0.000565075,train
-10000010281493,0,1,0.5048063,train
-10000010281496,0,0,2.6099362e-05,test
-10000010281497,0,0,0.13780889,train
-10000010281498,0,0,0.0026961032,train
-10000010281505,0,0,0.014298632,train
-10000010281506,0,0,0.00013410751,test
-10000010281509,0,0,0.12514429,test
-10000010281511,0,0,0.0008287603,train
-10000010281513,1,1,0.9847734,train
-10000010281525,0,0,0.0001334933,train
-10000010281528,0,0,2.08789e-05,train
-10000010281544,0,0,0.00025806052,train
-10000010281547,0,0,0.40666983,test
-10000010281551,0,0,3.2573535e-05,test
-10000010281557,0,0,0.00010469502,test
-10000010281561,0,0,7.409956e-05,train
-10000010281567,0,0,0.0001708521,test
-10000010281574,1,1,0.98663205,train
-10000010281582,0,0,0.00016471562,train
-10000010281583,0,0,0.002043918,train
-10000010281584,0,0,0.0033442846,train
-10000010281589,0,0,0.008710034,train
-10000010281592,0,0,6.43085e-05,train
-10000010281594,0,0,0.00018402691,test
-10000010281596,0,0,1.7403378e-05,train
-10000010281601,0,0,5.3251e-05,train
-10000010281603,0,0,8.3067745e-05,train
-10000010281602,0,0,0.0002882369,train
-10000010281611,0,0,0.0018564147,train
-10000010281620,0,0,0.00044474355,train
-10000010281640,0,0,3.0563435e-05,test
-10000010281647,0,0,0.04962586,train
-10000010281653,0,0,0.00033025915,train
-10000010281655,0,0,0.013415544,test
-10000010281656,0,0,0.00011246111,train
-10000010281664,0,0,0.015255935,train
-10000010281669,0,0,2.3277697e-05,test
-10000010281670,0,0,0.00028247756,train
-10000010281674,0,0,0.057546154,train
-10000010281675,0,0,0.0004075943,train
-10000010281684,0,0,3.715282e-05,test
-10000010281686,0,0,0.0004513857,train
-10000010281687,0,0,8.6252956e-05,train
-10000010281688,0,0,3.6509755e-05,train
-10000010281689,1,1,0.9724885,train
-10000010281690,0,0,0.005580288,train
-10000010281691,0,0,0.0242656,train
-10000010281708,0,1,0.564642,train
-10000010281709,0,0,1.5031999e-05,test
-10000010281716,0,0,6.826814e-05,train
-10000010281719,0,0,4.8483504e-05,train
-10000010281720,0,0,0.00032345435,train
-10000010281723,0,0,2.3190309e-05,test
-10000010281727,0,0,0.00022471484,train
-10000010281730,0,0,2.2151722e-05,train
-10000010281731,1,1,0.99049944,train
-10000010281735,0,0,4.4866167e-05,train
-10000010281737,0,0,0.00049854943,test
-10000010281739,0,0,9.6417076e-05,train
-10000010281741,0,1,0.7792412,train
-10000010281742,0,0,0.23111881,train
-10000010281743,0,1,0.985721,train
-10000010281744,0,0,0.414491,train
-10000010281745,0,0,0.0024126137,train
-10000010281747,1,1,0.98333436,train
-10000010281750,0,0,0.0010802015,train
-10000010281753,0,0,4.34642e-05,train
-10000010281764,0,1,0.90795577,train
-10000010281770,0,0,0.0040583466,train
-10000010281782,0,0,0.15831865,train
-10000010281785,0,0,0.028812967,train
-10000010281790,0,0,9.090679e-05,train
-10000010281791,0,0,0.10125572,test
-10000010281797,0,0,0.10078366,train
-10000010281806,0,0,0.22445753,train
-10000010281807,0,0,0.21719734,train
-10000010281808,0,0,0.00015337889,train
-10000010281813,0,1,0.5510558,train
-10000010281814,0,0,0.107874736,train
-10000010281817,0,0,0.00022033665,train
-10000010281828,0,0,0.0006840615,train
-10000010281829,0,0,0.00017070585,train
-10000010281844,0,0,0.017349476,test
-10000010281847,0,0,0.30355632,test
-10000010281855,0,0,8.044277e-05,train
-10000010281856,0,0,8.13886e-05,train
-10000010281857,0,0,0.005421086,test
-10000010281858,0,0,0.00036671013,train
-10000010281862,0,0,0.013307405,train
-10000010281869,0,0,4.181238e-05,train
-10000010281871,0,0,0.00020944209,train
-10000010281872,0,0,0.005787302,train
-10000010281870,0,0,7.723238e-05,train
-10000010281875,0,0,4.395614e-05,train
-10000010281879,0,0,0.00011411607,test
-10000010281887,0,0,0.0009680899,train
-10000010281898,0,0,0.00011198342,test
-10000010281902,1,1,0.98547053,test
-10000010281903,0,1,0.81356347,test
-10000010281911,0,0,7.250724e-05,train
-10000010281918,0,0,4.796033e-05,test
-10000010281922,0,0,0.026885588,train
-10000010281925,0,1,0.92378855,train
-10000010281928,1,1,0.9520479,train
-10000010281929,0,0,0.0040130485,train
-10000010281930,1,1,0.9989274,train
-10000010281931,0,0,0.010968522,train
-10000010281933,0,0,0.33996347,train
-10000010281936,0,1,0.9454647,train
-10000010281942,0,0,0.00011188756,train
-10000010281948,1,1,0.8181775,train
-10000010281954,0,0,0.00033046448,train
-10000010281956,0,1,0.5197382,train
-10000010281957,0,0,0.00015687253,train
-10000010281958,0,0,4.0444073e-05,train
-10000010281963,0,0,7.236812e-05,train
-10000010281964,0,0,0.28759652,train
-10000010281975,0,0,0.003600042,test
-10000010281981,0,0,0.012066279,train
-10000010281984,0,0,2.6283546e-05,train
-10000010281986,0,0,0.00010324734,train
-10000010281988,1,1,0.98485917,train
-10000010281989,0,0,3.397343e-05,test
-10000010281990,0,0,0.00011088818,train
-10000010281993,0,0,4.3768247e-05,test
-10000010281996,0,0,0.2839856,test
-10000010282010,0,0,0.0039316374,train
-10000010282017,0,0,2.4156157e-05,train
-10000010282024,0,0,6.9423986e-05,test
-10000010282026,0,0,0.014262895,test
-10000010282027,0,0,3.5789653e-05,test
-10000010282036,0,0,0.0017170322,train
-10000010282034,1,1,0.9311988,test
-10000010282043,0,0,0.00069631194,train
-10000010282054,1,1,0.9063332,test
-10000010282055,0,0,0.00010630259,train
-10000010282057,0,0,4.561816e-05,train
-10000010282062,0,0,0.0002735088,test
-10000010282066,0,0,5.1068782e-05,train
-10000010282070,0,0,2.3830878e-05,train
-10000010282076,0,1,0.75635856,train
-10000010282079,0,0,8.5347965e-05,train
-10000010282081,0,0,0.0098236995,train
-10000010282083,0,1,0.81158257,test
-10000010282087,0,0,0.0025153786,train
-10000010282091,0,0,1.953382e-05,train
-10000010282093,0,0,0.0007036629,train
-10000010282098,0,0,0.00036222505,train
-10000010282107,0,0,4.514643e-05,train
-10000010282111,0,0,7.705126e-05,train
-10000010282110,0,0,0.00013350756,test
-10000010282112,0,0,3.44397e-05,train
-10000010282114,0,0,0.0063540502,train
-10000010282128,1,1,0.9989994,train
-10000010282130,0,0,0.00013759165,train
-10000010282132,0,0,0.00016065301,test
-10000010282134,0,0,7.089084e-05,train
-10000010282138,1,1,0.89106244,train
-10000010282159,0,1,0.68217456,train
-10000010282160,0,0,1.908788e-05,test
-10000010282166,0,1,0.7329726,train
-10000010282168,0,0,2.8839979e-05,train
-10000010282169,0,0,0.022830587,train
-10000010282173,0,0,0.00011295194,train
-10000010282178,0,0,4.1525043e-05,test
-10000010282180,0,0,7.381991e-05,train
-10000010282183,0,0,0.000110657806,train
-10000010282187,0,0,0.06686952,train
-10000010282192,0,0,0.027817052,train
-10000010282204,0,0,0.00029240138,train
-10000010282205,0,0,0.0015727213,train
-10000010282216,0,0,0.00014552624,test
-10000010282218,0,0,2.8348173e-05,train
-10000010282221,0,0,0.013061254,train
-10000010282224,1,1,0.832764,train
-10000010282228,0,0,0.0003065156,train
-10000010282233,0,0,6.826814e-05,train
-10000010282236,0,0,0.0019220683,train
-10000010282237,0,0,0.024359988,train
-10000010282242,0,0,0.00010077683,train
-10000010282244,0,0,4.6522553e-05,train
-10000010282249,0,0,0.0030346005,test
-10000010282251,0,0,4.35429e-05,train
-10000010282252,0,0,9.43778e-05,train
-10000010282255,0,0,0.00053089065,train
-10000010282259,0,0,0.00023183093,train
-10000010282266,0,0,0.03655043,train
-10000010282268,0,0,0.00010512309,train
-10000010282272,0,0,6.826814e-05,test
-10000010282275,0,0,2.0389221e-05,train
-10000010282277,0,0,0.00014901173,test
-10000010282290,0,0,0.01844522,train
-10000010282292,0,1,0.56767035,train
-10000010282294,0,0,0.022963373,train
-10000010282295,0,0,0.0006948661,test
-10000010282297,0,0,0.05597249,train
-10000010282300,0,0,0.0011165545,train
-10000010282303,0,0,3.736737e-05,train
-10000010282304,0,0,0.00011734847,train
-10000010282306,0,0,5.437045e-05,train
-10000010282312,0,0,4.1211573e-05,train
-10000010282315,0,0,0.00014618757,train
-10000010282320,0,0,0.09569877,test
-10000010282321,0,0,2.9194705e-05,train
-10000010282326,0,0,0.019548235,train
-10000010282329,0,0,7.438828e-05,train
-10000010282330,0,0,0.18042189,train
-10000010282331,0,0,2.4250816e-05,train
-10000010282335,0,0,0.0029528404,train
-10000010282339,0,0,6.992483e-05,test
-10000010282343,0,0,1.7850347e-05,train
-10000010282344,0,0,0.34334123,train
-10000010282345,1,0,0.0645265,test
-10000010282347,0,0,0.00016306726,train
-10000010282362,0,0,0.15745127,train
-10000010282364,0,0,0.0003504531,train
-10000010282367,1,1,0.9351763,train
-10000010282369,0,0,0.0040152976,train
-10000010282370,0,0,0.0073344964,train
-10000010282374,0,0,0.001370997,test
-10000010282376,1,1,0.9795267,test
-10000010282378,1,1,0.99087113,train
-10000010282380,0,0,8.295138e-05,train
-10000010282385,0,0,0.000104716484,train
-10000010282388,0,0,0.020308707,train
-10000010282387,1,1,0.9967685,train
-10000010282393,0,0,0.00011917077,train
-10000010282403,0,0,0.019514903,test
-10000010282405,0,0,3.2444317e-05,train
-10000010282410,0,0,0.014491385,test
-10000010282411,0,0,0.00016391391,train
-10000010282413,0,0,6.302302e-05,test
-10000010282416,0,0,0.00010118415,train
-10000010282417,0,0,0.000105863764,train
-10000010282418,0,0,0.00028657826,train
-10000010282419,0,0,6.0898994e-05,train
-10000010282420,0,0,0.00085981237,train
-10000010282428,0,0,0.0041530915,train
-10000010282437,0,0,0.00025806052,test
-10000010282440,0,0,0.09424879,train
-10000010282441,0,0,7.409956e-05,train
-10000010282444,0,1,0.69014835,train
-10000010282448,0,0,0.007918683,train
-10000010282451,0,0,0.00028380516,train
-10000010282452,0,0,0.00032456394,test
-10000010282456,0,0,7.9336845e-05,train
-10000010282459,0,0,0.008261563,train
-10000010282461,0,0,0.00021111219,train
-10000010282464,0,0,4.700942e-05,train
-10000010282465,0,0,1.6635755e-05,train
-10000010282466,0,0,0.00015427612,train
-10000010282467,0,0,0.018865384,train
-10000010282475,0,0,3.61184e-05,train
-10000010282479,0,0,5.8658465e-05,train
-10000010282483,0,0,0.00018139856,train
-10000010282482,0,0,0.18756087,train
-10000010282484,0,0,0.0002058523,train
-10000010282488,0,0,5.5166605e-05,train
-10000010282491,1,1,0.96114033,train
-10000010282493,0,0,0.000116317955,train
-10000010282494,0,0,8.190769e-05,train
-10000010282501,0,0,0.00010896474,train
-10000010282504,0,0,0.20542027,train
-10000010282512,0,0,0.00024741516,train
-10000010282516,0,0,1.8195951e-05,train
-10000010282519,0,0,0.018681744,train
-10000010282524,0,0,9.497601e-05,train
-10000010282525,0,0,0.017992204,test
-10000010282528,0,0,0.00026477576,train
-10000010282531,1,1,0.96511036,train
-10000010282539,0,0,0.0040355334,test
-10000010282547,0,0,4.8437938e-05,train
-10000010282549,0,0,7.408698e-05,train
-10000010282550,0,0,0.0006495351,train
-10000010282558,0,0,0.21981007,train
-10000010282559,0,0,0.0003344606,train
-10000010282563,0,0,0.0008738808,train
-10000010282564,0,0,4.818694e-05,train
-10000010282566,0,0,2.5588834e-05,train
-10000010282568,0,0,0.034253426,train
-10000010282571,0,0,0.08506575,train
-10000010282577,1,1,0.9847157,test
-10000010282579,0,0,3.765756e-05,test
-10000010282583,0,0,3.8771683e-05,train
-10000010282584,0,0,4.184776e-05,train
-10000010282588,0,0,9.465008e-05,test
-10000010282589,0,0,0.020548757,test
-10000010282590,0,0,0.012540013,test
-10000010282591,0,1,0.62080526,train
-10000010282592,0,0,0.0008720185,train
-10000010282593,1,1,0.99928266,train
-10000010282606,0,0,4.7438636e-05,train
-10000010282607,1,1,0.9683071,train
-10000010282608,0,0,8.3323524e-05,train
-10000010282615,0,0,1.6783395e-05,train
-10000010282619,0,0,0.000186254,train
-10000010282635,0,0,0.007918993,train
-10000010282636,0,0,3.404465e-05,train
-10000010282637,0,0,0.0040101064,train
-10000010282643,0,0,2.2529863e-05,train
-10000010282647,0,1,0.518638,train
-10000010282648,0,0,0.023972085,train
-10000010282649,0,0,0.015113506,train
-10000010282650,1,1,0.9936978,train
-10000010282651,0,0,0.020732475,train
-10000010282664,0,0,0.0039742133,test
-10000010282666,0,0,0.0004972846,train
-10000010282667,0,0,0.23053767,train
-10000010282669,0,0,3.5588615e-05,train
-10000010282670,0,0,1.3566683e-05,train
-10000010282677,0,0,3.534789e-05,train
-10000010282679,0,0,0.00029617842,train
-10000010282680,0,0,7.9487385e-05,train
-10000010282686,0,0,8.7049004e-05,train
-10000010282687,0,0,0.006476232,train
-10000010282693,0,0,4.557528e-05,train
-10000010282700,0,0,4.963443e-05,train
-10000010282701,1,1,0.9511728,train
-10000010282703,0,0,4.8310154e-05,train
-10000010282704,0,0,0.0006934878,train
-10000010282710,0,0,9.6153926e-05,train
-10000010282716,0,0,7.5294935e-05,train
-10000010282719,1,1,0.99768317,train
-10000010282734,0,0,5.2312997e-05,train
-10000010282745,0,0,7.996331e-05,train
-10000010282753,0,0,4.3829146e-05,train
-10000010282756,1,1,0.9865551,test
-10000010282759,0,0,0.004408077,train
-10000010282761,1,1,0.6645647,train
-10000010282767,0,0,6.39976e-05,train
-10000010282768,0,0,0.00010746192,train
-10000010282773,0,0,9.6023905e-05,train
-10000010282775,0,0,0.00012438194,train
-10000010282776,0,1,0.7248952,test
-10000010282777,0,0,3.4329787e-05,train
-10000010282782,1,1,0.99680734,train
-10000010282787,0,0,0.019177863,train
-10000010282790,1,1,0.91910493,test
-10000010282797,0,0,9.910395e-05,test
-10000010282801,0,0,0.000119502256,train
-10000010282809,0,0,0.00021647158,train
-10000010282815,0,0,6.6722445e-05,train
-10000010282817,0,0,7.7750534e-05,train
-10000010282827,0,0,7.3936506e-05,test
-10000010282837,0,0,0.0012524131,train
-10000010282839,0,0,0.046424773,train
-10000010282848,0,0,3.762037e-05,train
-10000010282850,0,0,7.197692e-05,train
-10000010282854,1,1,0.81980944,train
-10000010282856,0,0,0.00025855828,train
-10000010282857,0,0,0.00011268966,train
-10000010282858,0,0,0.00016393625,test
-10000010282867,1,1,0.9677559,train
-10000010282872,0,0,4.4130444e-05,train
-10000010282875,0,0,0.1381321,train
-10000010282897,0,0,2.1260685e-05,test
-10000010282902,0,0,3.1584663e-05,train
-10000010282903,0,0,7.824962e-05,train
-10000010282905,0,0,6.323113e-05,train
-10000010282908,0,0,6.603098e-05,train
-10000010282918,0,1,0.9129641,train
-10000010282926,0,0,5.4572098e-05,train
-10000010282929,0,0,0.00014537257,train
-10000010282938,0,1,0.58052355,train
-10000010282941,0,1,0.77526784,train
-10000010282943,0,0,0.001227771,train
-10000010282952,0,0,0.00014031747,test
-10000010282960,0,0,0.00012534851,train
-10000010282961,0,0,5.5280307e-05,test
-10000010282962,0,0,4.1155607e-05,test
-10000010282965,0,0,0.0056544873,train
-10000010282966,0,0,9.204452e-05,test
-10000010282967,0,0,0.00017670807,train
-10000010282976,0,0,0.0027944855,train
-10000010282979,0,0,6.0135037e-05,train
-10000010282980,0,0,0.0014340736,train
-10000010282981,1,1,0.82279384,train
-10000010282983,0,0,0.00016263542,train
-10000010282989,0,0,0.00056932506,train
-10000010282999,0,1,0.53684574,train
-10000010283006,0,0,0.009347131,train
-10000010283009,0,0,0.014663159,test
-10000010283012,0,0,6.5403365e-05,train
-10000010283013,0,0,0.00013675504,train
-10000010283014,0,0,1.8060739e-05,train
-10000010283020,0,0,0.008924402,train
-10000010283023,0,0,0.011149107,train
-10000010283022,0,1,0.75280225,train
-10000010283030,0,0,7.411284e-05,train
-10000010283031,0,0,0.00047020728,train
-10000010283034,0,0,0.0001637719,train
-10000010283035,0,0,0.0003171146,train
-10000010283041,0,0,0.00015616437,train
-10000010283043,0,0,2.873223e-05,test
-10000010283045,0,0,0.06965576,train
-10000010283047,0,0,0.00022471484,train
-10000010283048,0,0,0.00026584297,train
-10000010283055,0,0,2.5493522e-05,train
-10000010283057,0,0,0.00025458325,test
-10000010283064,0,0,0.008104993,train
-10000010283066,0,0,2.4690651e-05,train
-10000010283067,0,0,0.08021679,train
-10000010283065,0,0,4.3093783e-05,train
-10000010283068,1,1,0.9572859,train
-10000010283069,0,0,0.016525356,train
-10000010283072,0,0,0.00015164645,train
-10000010283073,0,0,0.0032275887,train
-10000010283076,0,0,0.00093998737,train
-10000010283086,1,1,0.80586785,train
-10000010283087,1,1,0.98997074,test
-10000010283090,0,0,5.576525e-05,train
-10000010283091,0,0,0.000114218405,test
-10000010283093,0,0,0.00041691796,train
-10000010283095,0,0,3.8045593e-05,train
-10000010283097,0,0,8.4208245e-05,train
-10000010283099,0,0,0.036267884,test
-10000010283100,0,0,4.7425656e-05,train
-10000010283109,0,0,0.0052990317,train
-10000010283112,0,0,0.03639652,train
-10000010283113,0,0,4.1282925e-05,train
-10000010283120,0,0,0.00050997443,train
-10000010283125,0,1,0.7992606,test
-10000010283128,0,0,0.0007225113,train
-10000010283132,0,0,0.0005761582,train
-10000010283133,0,0,3.1028387e-05,test
-10000010283134,0,0,0.00028568975,train
-10000010283136,0,0,8.791031e-05,train
-10000010283140,0,0,0.00013713792,train
-10000010283144,0,1,0.8639224,train
-10000010283145,0,0,2.6985663e-05,train
-10000010283146,0,0,0.00056006125,train
-10000010283148,0,0,0.014712832,train
-10000010283151,0,0,8.9606256e-05,train
-10000010283154,0,0,0.00025151175,test
-10000010283156,0,0,4.3476884e-05,train
-10000010283157,0,1,0.91018647,train
-10000010283166,1,1,0.99456364,train
-10000010283170,0,0,0.011977074,train
-10000010283175,0,0,4.9361835e-05,train
-10000010283178,0,0,0.0012013465,train
-10000010283179,1,1,0.94719285,train
-10000010283187,0,0,0.24709935,train
-10000010283185,0,0,0.00023356258,train
-10000010283191,0,0,0.006641257,train
-10000010283194,0,0,0.051545516,train
-10000010283195,0,0,0.035379425,train
-10000010283196,0,0,0.024360493,train
-10000010283197,1,1,0.97915614,train
-10000010283200,0,0,0.00017922353,train
-10000010283202,0,1,0.833752,train
-10000010283203,0,0,0.0024698032,train
-10000010283209,0,0,0.00061732007,train
-10000010283212,0,0,0.000105915264,train
-10000010283216,0,0,0.001689413,test
-10000010283222,0,0,0.040053554,train
-10000010283226,0,0,6.323113e-05,train
-10000010283227,0,0,5.0074865e-05,train
-10000010283230,0,0,5.96188e-05,train
-10000010283243,0,1,0.78400564,train
-10000010283254,0,0,5.1595205e-05,test
-10000010283255,0,0,0.009544017,train
-10000010283258,0,0,0.00016939912,train
-10000010283259,0,0,3.2135038e-05,train
-10000010283267,1,1,0.9355069,train
-10000010283268,0,0,0.0027413238,train
-10000010283271,0,0,0.44687867,train
-10000010283276,0,0,5.650321e-05,train
-10000010283279,0,0,0.0015440757,train
-10000010283282,0,0,0.00010352772,train
-10000010283283,1,1,0.98856676,train
-10000010283286,0,0,2.0408404e-05,test
-10000010283288,0,0,0.0014667768,train
-10000010283296,0,0,1.3557203e-05,train
-10000010283301,0,0,0.0001732363,train
-10000010283310,1,1,0.9390422,train
-10000010283313,0,0,0.008711759,test
-10000010283314,0,0,0.0018823328,train
-10000010283324,0,0,0.008525842,train
-10000010283336,0,0,0.00011545183,train
-10000010283340,0,0,8.649404e-05,train
-10000010283343,1,1,0.9841726,train
-10000010283347,0,0,7.3201845e-05,train
-10000010283350,0,0,0.14316247,train
-10000010283360,0,1,0.5801099,train
-10000010283361,0,0,5.950174e-05,train
-10000010283368,0,0,5.058636e-05,train
-10000010283373,0,0,0.10287371,train
-10000010283374,0,0,3.2303476e-05,test
-10000010283378,1,1,0.97176075,train
-10000010283385,0,0,0.00134414,train
-10000010283390,0,0,0.00014453745,train
-10000010283392,0,0,0.000117499076,train
-10000010283393,0,0,2.969253e-05,train
-10000010283396,0,1,0.8851921,train
-10000010283402,0,0,3.7200894e-05,train
-10000010283405,0,0,0.00014937806,test
-10000010283406,0,0,0.0005331341,train
-10000010283407,0,0,6.347115e-05,train
-10000010283411,0,0,0.00012573757,train
-10000010283414,0,0,0.00010651659,train
-10000010283415,1,1,0.98452604,train
-10000010283419,0,0,6.608226e-05,test
-10000010283424,0,0,6.4712796e-05,train
-10000010283425,0,0,0.23107697,train
-10000010283430,0,0,0.10290767,train
-10000010283432,0,1,0.85447454,train
-10000010283436,0,0,0.00042089366,train
-10000010283440,0,0,0.00031964332,train
-10000010283441,0,0,0.085773885,train
-10000010283442,0,0,5.38267e-05,test
-10000010283446,0,0,0.086670056,train
-10000010283448,0,0,5.3840147e-05,train
-10000010283449,0,0,0.00018481187,train
-10000010283457,0,0,0.02057641,test
-10000010283459,0,0,0.0046561775,train
-10000010283460,0,0,2.1063554e-05,test
-10000010283464,0,0,0.012213453,train
-10000010283469,0,0,5.617886e-05,train
-10000010283472,0,0,2.9818068e-05,train
-10000010283474,0,0,0.00014732216,train
-10000010283477,0,1,0.6247489,train
-10000010283478,0,0,0.0071495282,test
-10000010283484,0,0,2.2555938e-05,train
-10000010283486,0,0,6.826814e-05,train
-10000010283495,0,0,0.03479584,train
-10000010283497,0,0,5.6433426e-05,train
-10000010283499,0,0,5.956459e-05,train
-10000010283500,0,0,7.596624e-05,test
-10000010283502,0,0,0.19856337,train
-10000010283503,0,0,0.048713107,train
-10000010283512,0,0,0.015657658,train
-10000010283514,1,1,0.99324304,train
-10000010283515,0,0,9.275053e-05,train
-10000010283517,0,1,0.5757029,test
-10000010283519,0,0,8.514263e-05,train
-10000010283520,0,0,0.16741264,train
-10000010283526,0,1,0.6014385,train
-10000010283527,0,0,1.8729068e-05,test
-10000010283528,1,1,0.91301197,train
-10000010283533,1,1,0.98474264,train
-10000010283544,0,0,3.7190606e-05,train
-10000010283545,0,0,0.00020037021,train
-10000010283551,0,0,0.00013723498,train
-10000010283556,0,0,0.001637539,train
-10000010283558,0,0,0.003450741,test
-10000010283560,0,0,4.337253e-05,train
-10000010283567,1,1,0.98938996,train
-10000010283569,0,0,0.34100276,train
-10000010283573,0,0,0.00012303857,train
-10000010283574,0,0,0.12734836,train
-10000010283576,0,0,0.0007646738,train
-10000010283581,0,0,0.0007255708,train
-10000010283582,0,0,0.00015119858,train
-10000010283585,0,0,0.00023448098,test
-10000010283586,0,0,0.10255672,test
-10000010283591,0,0,6.547881e-05,train
-10000010283597,0,0,2.8309109e-05,train
-10000010283601,0,0,0.0009479961,train
-10000010283600,1,1,0.8320371,train
-10000010283605,1,0,0.41701967,test
-10000010283606,0,0,0.00014490093,train
-10000010283608,0,0,2.7352435e-05,train
-10000010283611,0,0,0.33292365,train
-10000010283613,0,0,3.397343e-05,train
-10000010283634,0,0,0.012116271,train
-10000010283636,0,0,0.0012684091,test
-10000010283640,0,0,1.8013008e-05,test
-10000010283644,0,0,0.006345692,train
-10000010283645,0,0,0.00018919355,train
-10000010283646,0,0,0.0003772166,train
-10000010283651,1,1,0.9977101,test
-10000010283657,0,1,0.69194645,test
-10000010283660,0,0,4.1547384e-05,train
-10000010283663,0,0,0.0011790291,test
-10000010283664,1,1,0.921518,train
-10000010283665,0,0,0.058545396,train
-10000010283669,0,0,5.8805992e-05,train
-10000010283672,0,0,5.407788e-05,test
-10000010283673,0,0,0.022803338,train
-10000010283674,0,0,2.189647e-05,test
-10000010283684,0,0,0.0008445176,train
-10000010283686,1,1,0.97596735,train
-10000010283694,0,0,0.00038679817,train
-10000010283698,0,0,2.9683359e-05,train
-10000010283699,0,0,0.00043088186,train
-10000010283701,0,0,4.8028753e-05,test
-10000010283704,0,0,1.2206671e-05,train
-10000010283717,0,0,3.0010056e-05,train
-10000010283723,0,0,2.9818068e-05,test
-10000010283730,0,0,0.0018656151,test
-10000010283734,0,0,0.022966657,train
-10000010283737,0,0,3.69775e-05,train
-10000010283743,1,1,0.99871147,train
-10000010283745,0,0,8.540105e-05,train
-10000010283749,0,0,0.0004304036,test
-10000010283755,0,0,0.00012856626,train
-10000010283757,0,0,0.00010759131,train
-10000010283760,0,0,0.00019173729,train
-10000010283772,0,0,0.0019849052,train
-10000010283775,0,0,0.0002681421,train
-10000010283779,0,0,0.00011390191,train
-10000010283785,0,0,2.5723768e-05,test
-10000010283786,0,0,9.4775976e-05,train
-10000010283788,0,0,0.00013403386,train
-10000010283790,0,0,0.00013526283,test
-10000010283798,0,0,3.058192e-05,train
-10000010283800,0,0,0.008386737,train
-10000010283805,0,0,2.848429e-05,train
-10000010283807,0,0,0.3933743,test
-10000010283809,0,0,0.006329498,train
-10000010283816,1,1,0.97992104,train
-10000010283820,0,1,0.570081,train
-10000010283823,0,0,0.0035753234,test
-10000010283828,0,0,0.009429691,test
-10000010283830,0,0,0.27390817,train
-10000010283833,0,0,0.2292475,train
-10000010283838,0,0,0.38449186,train
-10000010283840,0,0,0.011095812,train
-10000010283841,0,1,0.94747007,train
-10000010283845,0,0,0.00030842097,train
-10000010283846,0,0,0.0014851402,train
-10000010283855,0,0,0.3717727,test
-10000010283860,0,0,0.00017410137,train
-10000010283861,0,0,4.668637e-05,train
-10000010283865,1,1,0.86329865,train
-10000010283867,1,1,0.9731468,train
-10000010283869,0,0,3.2573535e-05,train
-10000010283870,0,0,5.046788e-05,train
-10000010283871,0,0,0.15465058,train
-10000010283874,0,0,0.0005868789,train
-10000010283875,1,1,0.80666435,train
-10000010283882,0,1,0.53230417,train
-10000010283887,0,0,0.00016458798,train
-10000010283908,0,0,5.261789e-05,train
-10000010283910,0,0,3.0999225e-05,train
-10000010283913,0,0,1.8592627e-05,train
-10000010283917,0,0,2.14409e-05,train
-10000010283918,0,1,0.53746724,train
-10000010283921,0,0,0.00015240141,train
-10000010283922,0,0,0.00010962183,train
-10000010283924,1,1,0.79508406,train
-10000010283927,0,0,5.665796e-05,train
-10000010283929,0,0,0.02495361,test
-10000010283935,0,0,0.00018020558,test
-10000010283936,1,1,0.9265215,train
-10000010283942,1,1,0.9825515,train
-10000010283943,0,0,0.03492607,train
-10000010283945,0,0,0.0012891706,test
-10000010283947,0,0,4.4876906e-05,train
-10000010283948,0,0,4.9739054e-05,train
-10000010283954,0,0,4.5331333e-05,train
-10000010283955,0,0,0.00010775868,train
-10000010283958,0,0,0.00018339875,train
-10000010283960,0,0,0.00010437613,train
-10000010283961,0,0,0.0015416788,train
-10000010283962,0,0,0.00027501208,test
-10000010283964,0,0,0.00012518653,train
-10000010283966,0,0,0.0060455534,train
-10000010283967,0,0,0.00784087,train
-10000010283976,0,0,0.00018352557,test
-10000010283981,0,1,0.6052191,train
-10000010283982,0,0,0.00010895403,train
-10000010283992,0,0,0.0057856855,train
-10000010283991,0,0,0.000100845566,train
-10000010283994,0,0,0.00012225687,train
-10000010283995,0,0,0.0005256402,train
-10000010283999,0,0,7.680522e-05,train
-10000010284000,0,0,0.010142698,train
-10000010284004,0,0,0.026927898,train
-10000010284007,0,0,2.093924e-05,train
-10000010284008,0,0,3.2123884e-05,train
-10000010284009,0,0,8.519225e-05,train
-10000010284015,0,0,0.0029704801,train
-10000010284020,0,0,2.4027542e-05,train
-10000010284025,0,0,8.6183645e-05,test
-10000010284026,0,0,0.18640032,test
-10000010284027,0,0,0.00786369,train
-10000010284029,0,0,0.0006319547,test
-10000010284030,0,0,0.00034920798,train
-10000010284034,0,0,2.2818986e-05,train
-10000010284038,0,0,0.0049668057,train
-10000010284037,0,0,4.8885842e-05,train
-10000010284040,0,0,8.441857e-05,test
-10000010284046,0,0,3.51615e-05,train
-10000010284048,0,0,0.024152957,train
-10000010284051,0,0,0.12478594,test
-10000010284055,0,0,0.09704815,train
-10000010284061,0,0,0.00010429863,test
-10000010284069,0,0,0.00024262023,train
-10000010284074,0,0,0.00013553629,train
-10000010284075,0,0,0.10956488,train
-10000010284077,0,0,0.000103609,train
-10000010284078,0,0,0.00010026144,test
-10000010284079,0,0,0.003462451,train
-10000010284080,0,0,0.00015958732,train
-10000010284081,0,0,6.5800545e-05,train
-10000010284082,0,0,0.17061444,train
-10000010284083,0,0,0.00038541638,train
-10000010284087,0,0,0.0238833,train
-10000010284096,0,0,0.0022881483,train
-10000010284098,0,0,2.0036594e-05,train
-10000010284097,0,0,0.0018294731,train
-10000010284106,0,0,0.34813794,train
-10000010284104,0,0,0.001987952,train
-10000010284110,0,0,0.00014747311,train
-10000010284109,0,0,0.011543233,train
-10000010284114,0,0,0.017615436,train
-10000010284115,0,0,0.021065706,train
-10000010284116,0,0,0.005423202,train
-10000010284122,0,0,0.005135502,test
-10000010284129,0,0,0.0041793277,train
-10000010284134,0,0,4.015936e-05,test
-10000010284135,0,0,3.1363335e-05,train
-10000010284143,0,0,8.9942434e-05,train
-10000010284146,0,0,8.627895e-05,train
-10000010284147,0,0,5.7610265e-05,test
-10000010284156,0,1,0.5023596,train
-10000010284158,1,1,0.8779174,train
-10000010284162,0,0,5.494725e-05,train
-10000010284167,0,0,8.348808e-05,train
-10000010284168,0,0,3.6261627e-05,train
-10000010284171,0,0,3.907189e-05,test
-10000010284172,0,0,0.005868075,train
-10000010284175,0,0,0.00011555888,train
-10000010284176,0,0,0.00024348182,train
-10000010284188,1,1,0.98279333,train
-10000010284190,0,0,0.00014288102,test
-10000010284198,0,0,6.097529e-05,train
-10000010284206,0,0,0.016849954,test
-10000010284208,0,0,6.428135e-05,train
-10000010284212,0,0,0.0004989024,test
-10000010284213,0,0,5.5845077e-05,train
-10000010284218,0,0,0.00010080653,train
-10000010284231,0,1,0.8747792,test
-10000010284246,0,0,0.035233222,train
-10000010284249,0,0,0.00029884267,test
-10000010284251,0,0,2.6985663e-05,train
-10000010284259,0,0,0.01621138,train
-10000010284258,0,0,6.105064e-05,train
-10000010284262,0,0,0.0002479921,test
-10000010284265,0,0,0.0015391558,train
-10000010284269,0,0,5.046788e-05,train
-10000010284271,0,0,0.2452501,train
-10000010284275,0,0,4.427697e-05,test
-10000010284276,0,0,0.21299084,train
-10000010284278,0,0,2.031946e-05,train
-10000010284279,0,0,2.517332e-05,test
-10000010284281,0,0,0.000100373836,train
-10000010284283,0,0,0.00015465466,train
-10000010284285,0,0,0.00023468384,train
-10000010284289,0,0,0.0003835345,test
-10000010284292,0,0,3.2604177e-05,train
-10000010284300,0,0,0.00014288211,train
-10000010284301,0,0,0.07473299,test
-10000010284308,0,0,3.5077035e-05,train
-10000010284313,1,1,0.9431674,train
-10000010284315,0,0,0.019499706,test
-10000010284321,0,0,5.8228045e-05,train
-10000010284325,0,0,0.0037092895,train
-10000010284331,1,1,0.9592789,train
-10000010284336,1,1,0.6003169,test
-10000010284337,0,0,0.18636723,train
-10000010284350,0,0,0.15950364,test
-10000010284358,1,1,0.9790419,train
-10000010284368,0,0,0.0013588191,train
-10000010284369,1,1,0.93016493,train
-10000010284372,0,0,7.0644324e-05,train
-10000010284374,0,0,0.00011044329,train
-10000010284375,0,0,0.0037115174,train
-10000010284376,0,0,9.703968e-05,test
-10000010284377,0,0,0.32104966,train
-10000010284382,0,0,0.010315999,train
-10000010284383,1,1,0.9970156,train
-10000010284385,0,0,0.043532312,train
-10000010284386,1,1,0.9862329,train
-10000010284389,0,0,3.278455e-05,train
-10000010284391,0,0,5.8870795e-05,train
-10000010284392,0,0,6.0206246e-05,test
-10000010284395,0,0,0.00013371256,test
-10000010284399,1,1,0.98032755,train
-10000010284408,0,0,0.0006865345,train
-10000010284413,0,0,0.0005023595,train
-10000010284420,0,0,0.00010240322,train
-10000010284423,0,0,0.00015868629,train
-10000010284429,0,0,0.0012228901,train
-10000010284449,0,0,6.053682e-05,test
-10000010284452,0,0,0.0023636986,train
-10000010284454,0,0,0.019491725,train
-10000010284468,0,0,0.00070597214,train
-10000010284475,0,0,9.4488925e-05,train
-10000010284481,0,0,0.0017833156,train
-10000010284482,0,0,1.714944e-05,train
-10000010284486,0,0,0.016986407,test
-10000010284503,0,0,5.441122e-05,train
-10000010284506,0,0,0.00043822432,train
-10000010284509,0,0,0.000104598825,train
-10000010284511,0,1,0.70509654,test
-10000010284517,0,0,0.0273223,train
-10000010284523,0,0,0.020023081,train
-10000010284525,0,0,6.053682e-05,train
-10000010284528,0,0,3.8141134e-05,train
-10000010284534,0,0,0.0018410068,train
-10000010284539,0,0,0.15732786,test
-10000010284545,0,0,5.918478e-05,train
-10000010284558,0,0,5.046788e-05,train
-10000010284559,0,0,0.0002771745,train
-10000010284568,0,0,4.8259044e-05,train
-10000010284575,0,0,0.0011864642,train
-10000010284579,0,0,0.066320114,train
-10000010284582,0,0,0.00013666497,test
-10000010284585,0,1,0.9139043,train
-10000010284591,0,0,0.0010102306,train
-10000010284596,0,0,6.2151055e-05,train
-10000010284598,1,1,0.99186456,train
-10000010284611,0,0,0.00022075533,train
-10000010284613,0,0,8.9395275e-05,test
-10000010284615,0,1,0.7689984,train
-10000010284618,0,0,0.0029791314,train
-10000010284639,1,1,0.9992495,train
-10000010284642,0,0,5.286489e-05,train
-10000010284643,0,0,0.00010006744,train
-10000010284644,0,0,0.00011414034,test
-10000010284649,0,0,0.10397973,train
-10000010284650,0,0,0.00015198259,train
-10000010284653,0,0,4.5804816e-05,train
-10000010284659,0,0,0.00064427295,train
-10000010284660,1,1,0.9156461,test
-10000010284662,0,0,0.00011393569,train
-10000010284663,0,0,0.00010473776,test
-10000010284664,1,1,0.8261143,train
-10000010284665,0,0,0.0839347,test
-10000010284673,0,0,0.00014162119,test
-10000010284678,0,0,0.00484814,train
-10000010284687,0,0,0.0017993726,train
-10000010284693,0,0,0.00050193083,test
-10000010284694,0,0,0.004833372,test
-10000010284695,1,1,0.9856307,train
-10000010284697,0,0,0.019112779,test
-10000010284699,0,0,0.207503,test
-10000010284701,0,0,0.0005451979,train
-10000010284705,1,1,0.9962437,test
-10000010284706,0,0,5.046788e-05,train
-10000010284710,0,0,4.307262e-05,train
-10000010284713,1,1,0.8778452,test
-10000010284714,0,0,5.261789e-05,train
-10000010284716,1,0,0.10967329,test
-10000010284730,0,0,0.00018386607,test
-10000010284735,0,0,3.109883e-05,train
-10000010284739,0,0,2.0420708e-05,train
-10000010284745,0,0,5.825014e-05,train
-10000010284752,0,0,0.009003866,train
-10000010284760,0,0,5.437045e-05,train
-10000010284761,0,0,0.00032464348,train
-10000010284763,0,1,0.79510957,train
-10000010284768,0,0,0.33855426,test
-10000010284773,0,0,0.0069811256,train
-10000010284774,0,0,0.014967832,train
-10000010284776,0,0,0.00013245863,test
-10000010284780,0,0,8.165236e-05,train
-10000010284784,0,0,0.00097119156,train
-10000010284793,0,0,0.012486423,test
-10000010284794,0,0,5.2486088e-05,train
-10000010284796,1,1,0.9885744,train
-10000010284802,0,0,7.616484e-05,train
-10000010284811,1,1,0.99194795,train
-10000010284815,0,0,0.010331941,train
-10000010284818,0,0,5.564079e-05,train
-10000010284821,0,0,0.0038025447,train
-10000010284828,0,0,4.5340195e-05,train
-10000010284839,0,0,0.02640181,train
-10000010284841,0,0,0.0029961588,train
-10000010284846,1,1,0.9894043,test
-10000010284850,0,0,0.02165611,train
-10000010284851,0,0,0.00018353922,train
-10000010284854,0,0,0.000117958894,train
-10000010284855,0,0,0.0024479227,train
-10000010284857,0,0,0.0008256028,test
-10000010284856,0,0,2.6985663e-05,test
-10000010284859,0,0,0.07394205,train
-10000010284863,1,1,0.9617033,test
-10000010284864,1,1,0.9141299,test
-10000010284868,0,0,0.0028493432,train
-10000010284873,0,0,0.00012824974,train
-10000010284878,1,1,0.99897707,test
-10000010284880,0,0,0.00010700015,train
-10000010284885,0,0,3.2123884e-05,test
-10000010284892,0,0,0.0001621435,train
-10000010284893,0,0,0.0001555015,train
-10000010284895,0,0,0.000113171656,train
-10000010284902,0,0,0.00010737629,train
-10000010284903,1,1,0.9621415,train
-10000010284905,0,0,8.382928e-05,train
-10000010284906,0,0,0.002872416,train
-10000010284908,0,0,2.9204284e-05,train
-10000010284909,0,0,2.5237066e-05,train
-10000010284910,0,0,3.0029523e-05,train
-10000010284916,0,0,3.5159017e-05,train
-10000010284922,0,0,0.0060249665,train
-10000010284925,0,0,0.0009406333,train
-10000010284932,0,0,4.851574e-05,train
-10000010284931,0,0,0.00011745875,train
-10000010284933,0,0,0.077245854,test
-10000010284954,0,0,0.0001330885,train
-10000010284957,0,0,4.8593116e-05,train
-10000010284958,0,0,0.00029631538,train
-10000010284967,1,1,0.79916805,train
-10000010284968,0,0,0.0019987472,test
-10000010284969,0,0,0.077683195,test
-10000010284975,0,0,0.16149323,train
-10000010284976,0,0,0.06077825,test
-10000010284977,0,0,3.9671526e-05,train
-10000010284979,0,0,0.0031338735,train
-10000010284986,0,0,0.036501914,test
-10000010285000,0,0,0.0014366837,train
-10000010285003,0,1,0.81346357,test
-10000010285004,0,0,0.00010264851,train
-10000010285005,0,0,6.826814e-05,train
-10000010285006,0,0,0.025170784,test
-10000010285011,0,0,5.5231245e-05,train
-10000010285014,0,0,0.00016236969,train
-10000010285023,1,1,0.7251519,train
-10000010285024,0,1,0.5473311,train
-10000010285027,0,0,3.5901234e-05,train
-10000010285029,0,0,0.002446591,train
-10000010285032,0,0,6.9006775e-05,train
-10000010285040,0,0,0.00054332335,train
-10000010285044,0,0,2.6908518e-05,test
-10000010285045,0,1,0.8318991,train
-10000010285048,0,0,5.1858613e-05,train
-10000010285051,0,0,5.7933106e-05,test
-10000010285052,0,0,0.0003428982,train
-10000010285057,1,1,0.8990989,train
-10000010285066,0,0,0.002817678,train
-10000010285070,0,0,0.0032637522,test
-10000010285077,0,0,0.453896,train
-10000010285078,0,0,2.6586256e-05,test
-10000010285084,0,0,5.046788e-05,test
-10000010285089,0,0,0.13622716,train
-10000010285099,0,0,4.4280267e-05,train
-10000010285106,0,0,0.00207306,train
-10000010285109,0,0,0.0025443377,test
-10000010285112,0,0,0.00013453774,train
-10000010285116,0,0,5.6966663e-05,train
-10000010285118,1,1,0.99893194,test
-10000010285122,0,0,0.00013571179,train
-10000010285124,0,0,0.00019941022,train
-10000010285129,0,0,2.1273358e-05,train
-10000010285134,0,0,0.0003400111,test
-10000010285139,0,0,0.0160969,train
-10000010285148,0,0,0.00018772134,train
-10000010285151,0,0,0.006204796,train
-10000010285158,0,0,6.157845e-05,train
-10000010285163,0,1,0.81864405,train
-10000010285167,0,0,1.8622208e-05,train
-10000010285174,0,0,0.00050129584,train
-10000010285175,0,0,0.14742334,train
-10000010285176,0,1,0.7336897,train
-10000010285178,0,0,0.06245774,test
-10000010285182,0,0,4.600373e-05,train
-10000010285185,0,0,8.399508e-05,train
-10000010285186,0,0,0.00016485578,test
-10000010285190,0,0,0.0012139266,train
-10000010285198,1,1,0.99051875,train
-10000010285200,0,0,0.0001895798,train
-10000010285213,1,1,0.99102813,train
-10000010285218,0,0,7.9194666e-05,train
-10000010285219,0,0,0.03439164,train
-10000010285221,0,0,0.005692529,train
-10000010285222,0,0,0.062617294,train
-10000010285223,0,0,6.547881e-05,train
-10000010285224,0,0,5.503398e-05,train
-10000010285225,0,0,4.168581e-05,test
-10000010285226,0,0,6.9212394e-05,train
-10000010285230,0,0,5.261789e-05,train
-10000010285232,0,0,0.032952767,test
-10000010285237,0,0,0.0007468613,train
-10000010285241,0,0,0.00015579998,test
-10000010285245,0,0,0.3630043,train
-10000010285247,0,0,0.077797,train
-10000010285250,1,1,0.9708664,train
-10000010285251,0,1,0.55390596,train
-10000010285253,0,0,0.0017931091,train
-10000010285261,0,0,0.017454559,train
-10000010285265,1,1,0.9766312,train
-10000010285274,0,0,0.00010659097,test
-10000010285277,0,0,0.00013637428,train
-10000010285281,0,0,5.508134e-05,train
-10000010285284,1,1,0.774306,test
-10000010285287,0,0,0.00014644595,train
-10000010285294,0,0,7.409956e-05,train
-10000010285299,0,0,8.880164e-05,train
-10000010285301,0,0,0.0023896531,train
-10000010285308,0,0,0.016851889,train
-10000010285309,0,0,7.2136616e-05,test
-10000010285311,0,1,0.9681227,train
-10000010285312,0,0,1.5520907e-05,train
-10000010285313,0,0,0.002862134,test
-10000010285318,0,0,4.015936e-05,train
-10000010285321,0,0,5.0427756e-05,train
-10000010285324,0,0,0.00010810635,train
-10000010285326,0,0,0.00030682114,train
-10000010285353,0,0,8.005784e-05,train
-10000010285354,0,0,4.043879e-05,train
-10000010285355,0,0,0.0018232726,train
-10000010285356,0,0,0.08217088,train
-10000010285357,0,0,0.33831397,train
-10000010285359,0,0,4.168581e-05,train
-10000010285369,0,0,0.0005639978,train
-10000010285378,0,0,0.0002595618,train
-10000010285385,0,0,6.929184e-05,train
-10000010285394,0,0,3.720217e-05,train
-10000010285398,1,1,0.86176264,train
-10000010285400,0,0,6.547881e-05,train
-10000010285404,0,0,0.00024106678,train
-10000010285409,0,0,0.000117796255,train
-10000010285415,0,0,0.0003409048,train
-10000010285416,0,0,0.00011377707,test
-10000010285417,0,0,8.188004e-05,train
-10000010285418,0,0,0.079308964,train
-10000010285421,0,0,0.31799406,test
-10000010285425,0,0,0.10494522,train
-10000010285439,0,0,0.018183885,test
-10000010285445,0,0,0.00057685387,train
-10000010285451,0,0,0.013630333,test
-10000010285468,0,0,0.05981298,test
-10000010285478,0,0,0.0029432478,test
-10000010285480,0,0,0.3899074,train
-10000010285484,0,0,5.4668773e-05,test
-10000010285493,0,0,0.0018314404,train
-10000010285498,0,0,5.134762e-05,train
-10000010285502,1,1,0.8541049,train
-10000010285511,1,1,0.95168346,train
-10000010285515,0,0,0.2362327,train
-10000010285520,0,0,3.608263e-05,train
-10000010285519,0,0,3.1900054e-05,test
-10000010285522,0,0,0.00014062096,train
-10000010285524,1,1,0.9972282,train
-10000010285526,0,0,0.0688973,train
-10000010285530,0,0,0.009409909,train
-10000010285538,0,0,0.00038180768,test
-10000010285539,0,0,0.00025696697,train
-10000010285541,0,0,0.15283267,train
-10000010285545,0,0,1.800181e-05,train
-10000010285547,0,0,6.927315e-05,train
-10000010285548,0,0,3.0763214e-05,train
-10000010285549,0,0,5.7878384e-05,train
-10000010285552,0,0,0.00017565997,train
-10000010285553,1,1,0.9471567,test
-10000010285558,0,0,0.37737885,train
-10000010285561,0,0,7.409956e-05,train
-10000010285571,1,1,0.9302066,train
-10000010285589,0,0,1.6067279e-05,train
-10000010285590,1,1,0.9897709,train
-10000010285591,0,0,4.031811e-05,test
-10000010285596,0,0,2.8610231e-05,test
-10000010285601,0,0,0.0007220205,train
-10000010285603,0,0,0.0066606635,train
-10000010285604,0,0,0.104789265,train
-10000010285606,0,0,0.010311302,train
-10000010285608,0,0,0.00018514859,train
-10000010285612,1,1,0.97516257,train
-10000010285628,1,1,0.9910176,train
-10000010285631,1,1,0.9989705,train
-10000010285633,0,0,0.0001934187,test
-10000010285635,0,0,0.00030008945,train
-10000010285636,1,1,0.8096835,train
-10000010285637,0,0,9.085982e-05,train
-10000010285643,0,0,0.0038108139,train
-10000010285644,0,0,4.8342925e-05,train
-10000010285646,0,0,0.0004720697,train
-10000010285649,0,0,0.24620713,train
-10000010285651,0,0,5.5867975e-05,train
-10000010285655,0,0,1.7477872e-05,train
-10000010285658,0,0,0.0045856223,test
-10000010285660,0,0,0.00026536637,test
-10000010285664,0,0,0.020617735,train
-10000010285666,0,0,0.00019819723,train
-10000010285676,0,0,0.28170964,train
-10000010285679,0,0,0.0019668401,train
-10000010285681,0,0,4.490426e-05,train
-10000010285682,0,0,0.0073558157,test
-10000010285685,0,0,3.256378e-05,train
-10000010285687,0,0,0.036059305,train
-10000010285705,0,0,0.00012708157,train
-10000010285711,0,0,0.009129588,train
-10000010285717,0,0,0.005356295,train
-10000010285718,0,0,0.0005967168,train
-10000010285722,0,0,0.49851444,train
-10000010285726,0,0,0.29416072,test
-10000010285730,1,1,0.9798079,train
-10000010285738,0,0,8.859509e-05,train
-10000010285746,0,0,0.00024610446,train
-10000010285747,1,1,0.86750084,train
-10000010285748,0,0,0.010809635,test
-10000010285749,0,0,0.3060708,train
-10000010285751,0,0,7.524541e-05,train
-10000010285753,0,0,0.0033430483,test
-10000010285754,0,1,0.9030978,train
-10000010285762,0,0,0.00010268973,train
-10000010285763,0,0,4.15779e-05,test
-10000010285765,0,0,7.393947e-05,train
-10000010285774,0,0,0.0349925,train
-10000010285776,0,0,7.472406e-05,train
-10000010285783,0,0,0.012658899,train
-10000010285785,0,0,5.823159e-05,train
-10000010285789,1,1,0.9697259,test
-10000010285791,0,0,4.2982843e-05,train
-10000010285795,0,0,6.906972e-05,train
-10000010285799,0,0,0.011849066,train
-10000010285800,0,0,0.020260917,train
-10000010285802,0,0,0.00011247709,test
-10000010285803,0,0,0.00020918544,test
-10000010285809,0,0,0.394783,train
-10000010285811,0,0,0.00048365703,train
-10000010285812,1,1,0.986061,train
-10000010285818,0,0,0.019773696,train
-10000010285824,0,0,0.00702151,train
-10000010285827,0,0,3.2135038e-05,train
-10000010285833,0,0,0.021629613,train
-10000010285835,0,0,0.000683592,train
-10000010285838,0,0,0.0016086173,train
-10000010285842,0,0,3.1150386e-05,test
-10000010285843,0,0,0.3402208,train
-10000010285844,0,0,0.0028629303,test
-10000010285854,0,0,0.00012274666,train
-10000010285856,0,0,0.0004990553,train
-10000010285858,0,0,6.0798604e-05,test
-10000010285862,0,0,6.062324e-05,train
-10000010285869,0,0,0.011160451,train
-10000010285873,0,0,7.368193e-05,train
-10000010285874,0,0,3.2573535e-05,train
-10000010285876,0,0,9.084449e-05,test
-10000010285879,0,0,0.00058198406,train
-10000010285882,0,0,4.2447355e-05,train
-10000010285889,1,0,0.3071268,test
-10000010285899,0,0,0.00041468555,train
-10000010285902,0,0,0.00010439246,train
-10000010285903,0,0,7.168649e-05,test
-10000010285906,0,0,0.022932667,train
-10000010285913,0,0,0.00012900491,train
-10000010285916,0,0,5.649567e-05,train
-10000010285917,0,1,0.9635362,train
-10000010285919,0,0,6.6880995e-05,train
-10000010285921,0,0,0.0002593258,train
-10000010285927,0,0,5.2407864e-05,train
-10000010285929,0,0,0.00017565997,test
-10000010285936,0,0,0.00020217204,train
-10000010285939,0,0,2.1721497e-05,train
-10000010285944,0,0,5.0594706e-05,test
-10000010285947,0,0,0.00037899075,train
-10000010285948,0,0,0.0002886868,train
-10000010285949,0,0,0.4094322,train
-10000010285950,0,0,4.602936e-05,train
-10000010285952,0,0,0.0031141173,test
-10000010285951,1,1,0.99944144,test
-10000010285957,0,0,0.26491353,train
-10000010285958,0,0,0.0086261565,train
-10000010285959,0,0,0.03768866,train
-10000010285963,0,0,4.490426e-05,train
-10000010285983,0,0,0.017254764,train
-10000010285987,0,0,5.8870795e-05,train
-10000010285989,0,0,8.773645e-05,train
-10000010286011,0,0,5.511245e-05,train
-10000010286014,0,0,5.046788e-05,train
-10000010286016,0,0,0.00023868983,train
-10000010286020,0,0,0.30123168,train
-10000010286027,0,0,2.3721726e-05,train
-10000010286026,0,0,1.547149e-05,train
-10000010286037,0,0,0.05830369,train
-10000010286038,0,0,7.107184e-05,train
-10000010286040,0,0,0.0027301437,train
-10000010286062,0,0,8.188894e-05,train
-10000010286063,0,0,0.019296745,test
-10000010286065,0,0,3.1268904e-05,train
-10000010286068,0,0,0.00019109684,train
-10000010286069,0,0,3.463855e-05,train
-10000010286072,0,0,0.00055967626,train
-10000010286073,0,0,0.0007386375,test
-10000010286075,0,0,0.124856606,train
-10000010286082,0,0,0.000109963454,train
-10000010286088,0,0,0.0007918839,test
-10000010286091,0,0,2.4807314e-05,test
-10000010286098,0,0,0.06902788,train
-10000010286107,0,0,0.0020720107,train
-10000010286111,0,0,0.011867924,train
-10000010286118,0,0,5.7590987e-05,train
-10000010286128,0,0,3.5125773e-05,test
-10000010286129,0,0,0.00079509517,train
-10000010286135,0,0,0.18287918,train
-10000010286150,0,0,0.0056233094,test
-10000010286165,0,0,0.0061633145,train
-10000010286172,0,0,0.003707598,train
-10000010286176,0,0,0.33186436,train
-10000010286181,0,0,6.547881e-05,train
-10000010286183,0,0,0.0068797134,train
-10000010286184,0,0,0.021516804,train
-10000010286190,1,1,0.9974004,train
-10000010286191,0,0,0.0038608906,train
-10000010286199,0,0,0.00015097499,train
-10000010286200,0,0,0.0008076059,train
-10000010286203,1,1,0.9976172,test
-10000010286208,0,0,0.00682905,train
-10000010286214,0,0,0.00049327576,train
-10000010286216,0,0,0.13196689,test
-10000010286217,0,0,2.0619902e-05,train
-10000010286219,0,0,0.00024285559,train
-10000010286228,0,0,0.00011576834,train
-10000010286230,0,0,0.48315975,train
-10000010286231,0,0,0.16850682,test
-10000010286237,0,0,7.714817e-05,train
-10000010286238,0,0,0.004320752,train
-10000010286239,0,0,0.44405916,train
-10000010286240,0,0,0.00015890432,train
-10000010286241,0,0,6.215034e-05,train
-10000010286256,0,0,0.0008817565,train
-10000010286257,0,0,0.00012147503,train
-10000010286262,0,0,0.304546,test
-10000010286263,1,1,0.9838712,train
-10000010286264,0,0,1.3850349e-05,train
-10000010286277,0,0,2.593892e-05,train
-10000010286282,0,0,2.0705165e-05,train
-10000010286284,1,1,0.9904828,train
-10000010286291,0,0,9.341795e-05,test
-10000010286295,0,0,0.0046985727,train
-10000010286298,0,0,0.00013738764,train
-10000010286299,0,0,0.100136705,test
-10000010286301,0,0,0.0002664065,train
-10000010286305,0,0,0.00030527965,train
-10000010286307,0,0,0.0002969047,train
-10000010286309,0,0,5.8937418e-05,test
-10000010286316,0,0,0.21590285,train
-10000010286317,0,0,0.018508421,test
-10000010286319,0,0,5.0697337e-05,train
-10000010286331,0,0,0.00012955903,train
-10000010286333,0,0,3.444138e-05,train
-10000010286334,0,0,0.000106416584,train
-10000010286346,0,0,3.2573535e-05,train
-10000010286347,0,0,0.00010757347,test
-10000010286350,0,0,6.7288565e-05,train
-10000010286352,0,1,0.5899209,train
-10000010286353,0,0,1.2493163e-05,train
-10000010286363,0,0,0.001031995,train
-10000010286364,0,0,0.015752733,train
-10000010286371,0,0,0.0013226244,train
-10000010286374,0,0,0.014999707,train
-10000010286375,0,0,1.3557203e-05,test
-10000010286377,0,0,7.409956e-05,train
-10000010286379,0,0,0.0003588016,train
-10000010286383,0,0,0.00014835871,train
-10000010286384,0,0,3.3647517e-05,train
-10000010286392,0,0,0.0015383741,train
-10000010286405,0,0,5.7016226e-05,train
-10000010286406,0,0,8.414371e-05,train
-10000010286407,0,1,0.57544583,train
-10000010286408,0,0,0.010210611,train
-10000010286409,0,0,2.3399329e-05,train
-10000010286416,0,0,5.6966663e-05,test
-10000010286421,0,0,1.272889e-05,train
-10000010286422,0,0,4.8885842e-05,train
-10000010286423,0,0,4.3768247e-05,train
-10000010286429,0,0,3.7093556e-05,train
-10000010286430,0,0,4.0518964e-05,train
-10000010286431,0,0,0.00020842909,train
-10000010286432,0,0,7.4855794e-05,test
-10000010286434,0,0,2.7868235e-05,test
-10000010286436,0,0,6.1813786e-05,test
-10000010286437,0,0,2.0408404e-05,train
-10000010286440,0,0,7.888451e-05,train
-10000010286441,0,0,0.0001293614,train
-10000010286443,0,0,3.9833132e-05,train
-10000010286446,0,0,0.0001530029,train
-10000010286467,0,0,0.20362182,test
-10000010286471,0,0,6.587859e-05,train
-10000010286474,0,0,0.00013751308,train
-10000010286477,1,1,0.97475773,train
-10000010286479,0,0,0.00015705303,train
-10000010286491,0,0,0.046410337,train
-10000010286506,0,0,0.00012360774,train
-10000010286510,0,0,0.16939637,test
-10000010286513,0,0,0.013474829,test
-10000010286515,0,0,6.624081e-05,train
-10000010286517,0,0,0.15440685,train
-10000010286518,0,0,7.07414e-05,train
-10000010286519,0,0,6.506489e-05,train
-10000010286520,0,0,6.547881e-05,train
-10000010286522,0,0,0.0008245843,train
-10000010286523,0,0,0.00025655914,train
-10000010286527,1,1,0.9846506,train
-10000010286539,0,0,9.721612e-05,train
-10000010286544,1,1,0.99886537,test
-10000010286545,0,0,0.38859344,train
-10000010286547,0,0,0.0026332152,train
-10000010286553,0,0,0.024316356,train
-10000010286557,0,0,0.0047744634,train
-10000010286558,0,0,3.0498853e-05,train
-10000010286563,0,0,0.0056542135,train
-10000010286564,0,0,0.008972788,train
-10000010286566,0,0,0.00021532192,test
-10000010286567,0,0,0.0040188613,train
-10000010286575,0,0,4.373541e-05,train
-10000010286576,0,0,0.0001117757,train
-10000010286583,0,0,0.0012134307,train
-10000010286584,0,0,1.0224163e-05,train
-10000010286587,0,0,0.003475044,train
-10000010286597,1,1,0.9486384,test
-10000010286599,0,0,0.0055375276,train
-10000010286603,0,0,0.13455719,train
-10000010286608,1,1,0.8397896,train
-10000010286611,0,0,0.0022705854,train
-10000010286614,0,0,8.67391e-05,train
-10000010286616,0,0,3.731662e-05,train
-10000010286623,0,0,5.3932028e-05,train
-10000010286624,0,0,0.009149884,train
-10000010286627,0,1,0.8332655,test
-10000010286629,0,0,0.004221467,train
-10000010286641,0,0,0.071358494,train
-10000010286645,0,0,0.00010828153,train
-10000010286654,0,0,0.029147835,test
-10000010286657,1,1,0.96000135,train
-10000010286658,0,0,0.00013058937,test
-10000010286663,0,0,0.00049628,train
-10000010286664,0,0,3.51615e-05,train
-10000010286665,0,0,4.349293e-05,train
-10000010286669,0,0,0.00012465932,train
-10000010286672,1,1,0.99865973,train
-10000010286673,0,0,0.00010276809,train
-10000010286680,0,0,2.6555344e-05,train
-10000010286683,0,0,4.893873e-05,train
-10000010286685,0,0,8.7470464e-05,test
-10000010286687,0,0,0.008465701,train
-10000010286689,0,0,0.03227465,train
-10000010286690,0,0,3.8184116e-05,train
-10000010286691,0,0,0.000121072946,train
-10000010286696,0,0,4.6151417e-05,test
-10000010286698,0,1,0.8471671,train
-10000010286699,0,0,0.00063459825,test
-10000010286720,0,0,3.70005e-05,train
-10000010286742,0,0,0.0067105214,train
-10000010286750,0,0,0.23870012,test
-10000010286751,1,1,0.9752949,train
-10000010286759,0,0,0.00053739443,train
-10000010286761,0,1,0.68304753,train
-10000010286764,0,0,0.00017799411,train
-10000010286767,1,1,0.94521594,train
-10000010286773,0,0,0.0069310917,train
-10000010286775,0,0,8.290646e-05,train
-10000010286776,0,0,5.1625913e-05,train
-10000010286781,0,0,0.016171677,train
-10000010286785,0,0,5.192433e-05,test
-10000010286788,0,0,6.250768e-05,train
-10000010286790,0,1,0.5226697,train
-10000010286791,0,0,3.855584e-05,train
-10000010286798,0,0,0.0059133978,test
-10000010286802,0,0,0.30878288,train
-10000010286809,0,0,0.00017604092,train
-10000010286817,0,0,6.826814e-05,train
-10000010286818,0,0,2.6409169e-05,train
-10000010286819,0,0,3.0492922e-05,train
-10000010286820,0,0,0.00013930042,train
-10000010286826,0,1,0.69586843,test
-10000010286829,0,0,0.005734122,train
-10000010286833,0,0,0.023591302,test
-10000010286835,0,0,0.012188391,train
-10000010286838,0,0,6.547881e-05,train
-10000010286843,0,0,0.0032924784,train
-10000010286846,0,0,5.261789e-05,test
-10000010286847,0,0,0.02714838,train
-10000010286848,0,0,0.021719692,train
-10000010286850,1,1,0.989414,train
-10000010286852,0,0,6.547881e-05,train
-10000010286853,0,0,0.008693483,train
-10000010286856,0,0,0.011834113,train
-10000010286858,1,1,0.99088913,train
-10000010286857,0,0,0.00021096531,train
-10000010286861,0,0,0.020454573,test
-10000010286862,0,0,0.0001418811,train
-10000010286864,0,0,0.00012352584,train
-10000010286870,0,0,0.009955693,train
-10000010286873,0,0,6.123775e-05,train
-10000010286874,0,0,0.011235541,train
-10000010286876,0,0,2.9724431e-05,test
-10000010286878,0,0,8.943765e-05,train
-10000010286879,0,0,2.2786367e-05,train
-10000010286882,0,0,7.813718e-05,train
-10000010286881,0,0,0.0023587921,train
-10000010286891,0,0,0.018892637,train
-10000010286893,0,0,9.426349e-05,test
-10000010286899,0,0,4.2447355e-05,train
-10000010286904,0,0,0.008723185,train
-10000010286908,0,0,0.0002500358,train
-10000010286909,0,0,2.6585347e-05,train
-10000010286911,0,0,6.4145344e-05,test
-10000010286915,0,0,0.0003463477,train
-10000010286916,0,0,0.24149981,train
-10000010286917,0,0,0.000121080564,train
-10000010286921,0,0,0.27014244,train
-10000010286923,0,0,0.0027246263,train
-10000010286926,1,1,0.9645278,train
-10000010286934,0,0,0.00011183956,train
-10000010286940,0,0,6.327619e-05,train
-10000010286948,0,0,0.0055450452,train
-10000010286949,0,0,0.0001260831,test
-10000010286951,0,0,4.847703e-05,train
-10000010286953,0,0,0.01358856,train
-10000010286955,0,0,2.3190309e-05,test
-10000010286957,0,0,0.0022050773,train
-10000010286958,0,1,0.920127,train
-10000010286959,0,0,5.93741e-05,train
-10000010286975,0,0,0.00015472884,train
-10000010286976,0,0,8.893104e-05,test
-10000010286978,0,0,2.42286e-05,train
-10000010286979,0,1,0.62228537,train
-10000010286980,0,0,8.011031e-05,test
-10000010286991,0,0,0.008435666,train
-10000010287001,0,0,0.0037038415,test
-10000010287012,0,0,1.7748771e-05,train
-10000010287011,0,1,0.5439656,train
-10000010287013,0,0,0.091445744,train
-10000010287017,0,0,4.5655757e-05,train
-10000010287019,0,0,5.49527e-05,train
-10000010287024,0,0,0.0017061277,test
-10000010287025,0,0,0.0001891317,train
-10000010287029,0,0,3.337492e-05,train
-10000010287032,0,0,0.017871037,test
-10000010287052,0,0,3.176406e-05,train
-10000010287053,0,0,0.0052682613,train
-10000010287055,0,0,0.0001656106,train
-10000010287071,0,0,0.00030391943,train
-10000010287076,0,0,8.9315945e-05,train
-10000010287079,0,0,7.063173e-05,train
-10000010287080,0,1,0.514877,test
-10000010287081,0,0,0.00025881847,train
-10000010287084,0,1,0.6070958,train
-10000010287087,1,1,0.97886103,train
-10000010287096,0,0,0.11857375,train
-10000010287097,0,0,7.896971e-05,test
-10000010287098,0,0,0.00012952123,train
-10000010287101,0,0,0.27228647,train
-10000010287104,0,0,0.032377727,train
-10000010287106,0,0,0.0102655785,train
-10000010287109,0,0,1.272889e-05,train
-10000010287111,0,0,0.005847377,train
-10000010287117,0,0,0.00028037585,train
-10000010287118,0,0,0.025159614,train
-10000010287123,0,0,3.5588615e-05,train
-10000010287131,0,0,2.8480625e-05,test
-10000010287139,0,0,0.00012925733,train
-10000010287142,0,0,0.090059325,train
-10000010287149,0,0,0.0001251481,train
-10000010287154,0,0,2.6099362e-05,train
-10000010287159,0,1,0.6615837,train
-10000010287163,1,1,0.8900548,train
-10000010287164,0,0,0.032152105,train
-10000010287166,0,0,4.5236848e-05,train
-10000010287169,0,0,9.346374e-05,test
-10000010287171,0,0,0.043154757,train
-10000010287174,0,0,0.02487946,test
-10000010287175,0,0,1.975761e-05,train
-10000010287179,0,0,3.5962294e-05,train
-10000010287181,0,0,0.010659714,train
-10000010287183,0,0,7.045252e-05,test
-10000010287214,1,1,0.95976573,test
-10000010287215,0,0,0.00019532873,train
-10000010287222,0,0,0.00088797964,test
-10000010287225,0,0,0.07661751,train
-10000010287227,0,0,6.570787e-05,train
-10000010287229,0,0,0.00010772025,train
-10000010287236,0,0,2.8041251e-05,train
-10000010287237,0,0,0.06929302,train
-10000010287244,0,0,0.00038471766,train
-10000010287250,0,0,5.536614e-05,train
-10000010287254,0,0,7.134141e-05,train
-10000010287259,0,0,0.0026478965,train
-10000010287261,0,0,5.7016226e-05,test
-10000010287264,0,0,0.00013165965,train
-10000010287267,0,0,0.023989039,train
-10000010287269,1,1,0.99940073,test
-10000010287270,0,0,0.0029201533,train
-10000010287283,1,1,0.9983897,train
-10000010287286,0,0,7.966914e-05,test
-10000010287293,0,0,0.00015290504,test
-10000010287296,0,0,0.006802349,train
-10000010287300,0,1,0.9172746,train
-10000010287301,0,0,6.547881e-05,test
-10000010287302,0,0,0.01861532,test
-10000010287303,0,0,2.204538e-05,train
-10000010287305,0,0,0.005920188,test
-10000010287308,0,0,0.00087936484,train
-10000010287312,0,0,0.000119703094,train
-10000010287318,0,0,0.019509755,test
-10000010287338,0,0,3.7985923e-05,train
-10000010287345,0,0,0.0005555837,train
-10000010287348,0,0,2.9858356e-05,train
-10000010287353,0,0,0.001061088,train
-10000010287357,0,0,0.0020668092,train
-10000010287366,0,0,0.0054381997,train
-10000010287369,0,0,3.4076613e-05,train
-10000010287372,1,1,0.9886031,train
-10000010287381,0,0,0.00012811199,test
-10000010287386,1,1,0.9395029,train
-10000010287388,0,0,0.0056955228,train
-10000010287389,0,0,0.00024099853,train
-10000010287398,0,0,0.00035712874,train
-10000010287401,0,0,0.0003751225,train
-10000010287413,0,0,6.828598e-05,train
-10000010287415,0,0,0.34857577,train
-10000010287417,0,0,0.2097232,train
-10000010287420,0,0,3.9021543e-05,train
-10000010287423,0,0,0.00016579246,train
-10000010287426,0,0,0.00031042902,test
-10000010287437,0,0,8.99794e-05,train
-10000010287441,0,0,7.1964845e-05,train
-10000010287444,0,0,0.00017600987,train
-10000010287454,0,0,0.0076546413,train
-10000010287455,0,0,5.2741474e-05,train
-10000010287463,0,0,5.235237e-05,train
-10000010287480,0,0,1.7912282e-05,train
-10000010287482,0,0,4.202841e-05,train
-10000010287484,0,0,3.5309786e-05,train
-10000010287488,0,0,0.0002599095,train
-10000010287495,0,0,0.008618888,train
-10000010287502,0,0,0.00023937308,train
-10000010287504,1,1,0.9849006,train
-10000010287517,0,0,7.698862e-05,train
-10000010287521,0,0,7.149888e-05,test
-10000010287522,0,0,0.06539451,test
-10000010287533,0,0,0.00012328896,train
-10000010287534,0,0,0.00597348,train
-10000010287543,0,0,0.00017118458,train
-10000010287549,0,1,0.80173975,train
-10000010287552,0,0,4.248283e-05,train
-10000010287553,0,0,3.113438e-05,train
-10000010287558,1,1,0.7298952,test
-10000010287559,0,0,6.111186e-05,train
-10000010287562,0,0,0.08291915,test
-10000010287567,0,0,0.029051429,train
-10000010287568,1,1,0.95854986,train
-10000010287571,0,1,0.70854586,train
-10000010287572,0,0,0.0015607429,train
-10000010287573,0,0,0.048431672,train
-10000010287575,0,0,0.003674858,train
-10000010287582,0,0,0.00028966804,test
-10000010287583,0,0,1.0523941e-05,test
-10000010287584,0,0,0.24417447,train
-10000010287591,0,0,2.808868e-05,test
-10000010287592,0,0,9.081833e-05,train
-10000010287599,0,0,0.027978024,train
-10000010287603,0,0,0.015511844,train
-10000010287604,0,0,0.19236152,test
-10000010287611,0,0,0.09004532,train
-10000010287612,0,1,0.7233069,train
-10000010287615,0,0,4.9276663e-05,test
-10000010287616,0,0,4.5324457e-05,train
-10000010287617,0,0,0.0033821464,test
-10000010287632,0,0,0.00034127064,train
-10000010287633,0,0,6.443803e-05,train
-10000010287636,0,0,0.0021858832,train
-10000010287637,1,1,0.978514,train
-10000010287642,0,0,0.0002895214,train
-10000010287657,0,0,0.05980362,test
-10000010287663,1,1,0.9739701,train
-10000010287671,0,0,0.000120217606,train
-10000010287674,0,0,5.163684e-05,train
-10000010287673,1,1,0.9990808,train
-10000010287675,0,0,0.00010475873,test
-10000010287680,0,0,0.10465965,test
-10000010287683,0,0,0.009603968,train
-10000010287684,0,0,0.00042791181,train
-10000010287686,1,1,0.98934233,train
-10000010287687,0,0,0.0004913796,test
-10000010287690,0,0,0.00023884713,test
-10000010287695,0,0,2.8333689e-05,train
-10000010287701,0,0,0.0048849816,test
-10000010287704,0,0,0.015665347,train
-10000010287714,0,1,0.7030147,train
-10000010287723,0,0,0.00015920098,test
-10000010287731,0,0,0.009349819,train
-10000010287740,0,0,0.0022376422,test
-10000010287748,0,0,0.041713666,test
-10000010287750,0,1,0.86521757,train
-10000010287758,0,0,0.0015071107,train
-10000010287760,1,1,0.81438833,train
-10000010287764,0,0,0.0041176286,test
-10000010287765,0,0,0.41968083,train
-10000010287767,0,0,0.0004388395,train
-10000010287769,0,0,0.3939927,train
-10000010287768,0,0,7.756954e-05,train
-10000010287770,0,1,0.8977102,test
-10000010287774,0,0,0.00020002034,train
-10000010287780,0,0,0.0011985833,train
-10000010287789,0,0,2.091513e-05,train
-10000010287790,0,0,0.086889565,train
-10000010287801,0,0,3.323612e-05,test
-10000010287802,0,0,0.019369874,train
-10000010287804,1,1,0.9534624,train
-10000010287805,0,0,2.1693797e-05,train
-10000010287806,0,0,0.010415743,train
-10000010287808,0,0,5.1322557e-05,train
-10000010287811,0,0,0.0030003907,train
-10000010287816,0,0,0.00010538655,test
-10000010287820,0,0,0.00023236447,train
-10000010287821,0,1,0.87485325,train
-10000010287827,0,0,0.013647428,train
-10000010287830,0,0,6.547881e-05,train
-10000010287832,0,0,0.32867995,test
-10000010287836,0,0,8.00048e-05,train
-10000010287839,0,0,0.00047748417,train
-10000010287848,0,0,0.02515893,train
-10000010287851,0,0,7.107184e-05,train
-10000010287865,0,0,0.0011299154,train
-10000010287866,0,0,0.100681745,train
-10000010287870,0,0,0.11618092,train
-10000010287875,0,0,0.003472063,train
-10000010287880,0,0,6.250768e-05,train
-10000010287882,0,0,0.005653659,train
-10000010287885,0,0,0.00012110631,test
-10000010287893,0,0,0.00014017089,train
-10000010287894,0,0,0.00010664292,train
-10000010287896,0,0,0.00015752726,train
-10000010287898,0,0,4.0307386e-05,train
-10000010287903,0,0,3.3952958e-05,train
-10000010287904,0,0,9.16053e-05,train
-10000010287906,0,0,0.00039472952,test
-10000010287909,0,0,1.7477872e-05,test
-10000010287912,1,1,0.6747152,train
-10000010287913,0,0,2.848429e-05,train
-10000010287920,0,0,8.301081e-05,train
-10000010287923,0,0,5.460823e-05,test
-10000010287924,1,1,0.8507279,train
-10000010287928,0,0,0.0009959077,train
-10000010287929,0,1,0.57771057,train
-10000010287939,0,0,0.0070782215,train
-10000010287940,0,1,0.54459494,train
-10000010287942,0,0,4.800998e-05,train
-10000010287943,0,0,0.012474542,train
-10000010287944,0,0,0.005842766,train
-10000010287946,1,1,0.9936388,train
-10000010287949,0,0,0.06795988,train
-10000010287953,0,0,0.00023140889,train
-10000010287969,0,0,0.00042622126,test
-10000010287972,0,0,0.0001732363,train
-10000010287975,0,0,0.017585456,test
-10000010287978,0,1,0.8779325,train
-10000010287983,0,0,0.010452081,train
-10000010287991,0,0,0.051050756,train
-10000010287992,0,0,0.008949502,test
-10000010287995,0,0,4.0346647e-05,train
-10000010287996,0,0,0.1913046,train
-10000010287997,0,1,0.5571552,train
-10000010288000,0,0,9.488675e-05,train
-10000010288002,0,0,4.3306525e-05,train
-10000010288005,0,0,0.0017979258,train
-10000010288006,0,0,0.00011142282,train
-10000010288007,0,0,0.06855281,train
-10000010288008,0,0,0.010727459,train
-10000010288009,0,0,3.796734e-05,train
-10000010288010,0,0,0.00012950333,train
